aggregation_weighting,dataset_fraction_per_partner,dataset_name,epoch_count,final_relative_nb_samples,gradient_updates_per_pass_count,is_early_stopping,learning_computation_time_sec,minibatch_count,mpl_nb_epochs_done,mpl_test_score,multi_partner_learning_approach,nb_samples_used,partners_count,samples_split_description,scenario_name,short_scenario_name,test_data_samples_count,train_data_samples_count,random_state,scenario_id
uniform,"[0.1, 0.1, 0.1, 0.1, 0.1, 0.1, 0.1, 0.1, 0.1, 0.1]",mnist,100.0,"[0.1, 0.1, 0.1, 0.1, 0.1, 0.1, 0.1, 0.1, 0.1, 0.1]",8.0,1.0,155.44383915141225,1.0,31.0,0.0982000008225441,seq-pure,43170.0,10.0,"[[1, 'specific'], [1, 'specific'], [1, 'specific'], [1, 'specific'], [1, 'specific'], [1, 'specific'], [1, 'specific'], [1, 'specific'], [1, 'specific'], [1, 'specific']]",scenario_1_repeat_1_2020-09-07_17h37_d73,"10 [0.1, 0.1, 0.1, 0.1, 0.1, 0.1, 0.1, 0.1, 0.1, 0.1]",10000.0,48000.0,0,0
uniform,"[0.1, 0.1, 0.1, 0.1, 0.1, 0.1, 0.1, 0.1, 0.1, 0.1]",mnist,100.0,"[0.1, 0.1, 0.1, 0.1, 0.1, 0.1, 0.1, 0.1, 0.1, 0.1]",8.0,1.0,825.180855255574,3.0,35.0,0.09799999743700027,seq-pure,43170.0,10.0,"[[1, 'specific'], [1, 'specific'], [1, 'specific'], [1, 'specific'], [1, 'specific'], [1, 'specific'], [1, 'specific'], [1, 'specific'], [1, 'specific'], [1, 'specific']]",scenario_2_repeat_1_2020-09-07_17h40_8c4,"10 [0.1, 0.1, 0.1, 0.1, 0.1, 0.1, 0.1, 0.1, 0.1, 0.1]",10000.0,48000.0,0,1
uniform,"[0.1, 0.1, 0.1, 0.1, 0.1, 0.1, 0.1, 0.1, 0.1, 0.1]",mnist,100.0,"[0.1, 0.1, 0.1, 0.1, 0.1, 0.1, 0.1, 0.1, 0.1, 0.1]",8.0,1.0,8059.904505960643,10.0,39.0,0.9876999855041504,seq-pure,43170.0,10.0,"[[1, 'specific'], [1, 'specific'], [1, 'specific'], [1, 'specific'], [1, 'specific'], [1, 'specific'], [1, 'specific'], [1, 'specific'], [1, 'specific'], [1, 'specific']]",scenario_3_repeat_1_2020-09-07_17h54_254,"10 [0.1, 0.1, 0.1, 0.1, 0.1, 0.1, 0.1, 0.1, 0.1, 0.1]",10000.0,48000.0,0,2
uniform,"[0.1, 0.1, 0.1, 0.1, 0.1, 0.1, 0.1, 0.1, 0.1, 0.1]",mnist,100.0,"[0.1, 0.1, 0.1, 0.1, 0.1, 0.1, 0.1, 0.1, 0.1, 0.1]",8.0,1.0,351.1444904655218,1.0,73.0,0.9876999855041504,seq-pure,43170.0,10.0,"[[1, 'specific'], [1, 'specific'], [1, 'specific'], [1, 'specific'], [1, 'specific'], [1, 'specific'], [1, 'specific'], [1, 'specific'], [1, 'specific'], [1, 'specific']]",scenario_1_repeat_2_2020-09-07_20h08_f0e,"10 [0.1, 0.1, 0.1, 0.1, 0.1, 0.1, 0.1, 0.1, 0.1, 0.1]",10000.0,48000.0,1,0
uniform,"[0.1, 0.1, 0.1, 0.1, 0.1, 0.1, 0.1, 0.1, 0.1, 0.1]",mnist,100.0,"[0.1, 0.1, 0.1, 0.1, 0.1, 0.1, 0.1, 0.1, 0.1, 0.1]",8.0,1.0,729.7007918693125,3.0,31.0,0.10279999673366547,seq-pure,43170.0,10.0,"[[1, 'specific'], [1, 'specific'], [1, 'specific'], [1, 'specific'], [1, 'specific'], [1, 'specific'], [1, 'specific'], [1, 'specific'], [1, 'specific'], [1, 'specific']]",scenario_2_repeat_2_2020-09-07_20h14_83e,"10 [0.1, 0.1, 0.1, 0.1, 0.1, 0.1, 0.1, 0.1, 0.1, 0.1]",10000.0,48000.0,1,1
uniform,"[0.1, 0.1, 0.1, 0.1, 0.1, 0.1, 0.1, 0.1, 0.1, 0.1]",mnist,100.0,"[0.1, 0.1, 0.1, 0.1, 0.1, 0.1, 0.1, 0.1, 0.1, 0.1]",8.0,1.0,6392.739438984543,10.0,31.0,0.9884999990463257,seq-pure,43170.0,10.0,"[[1, 'specific'], [1, 'specific'], [1, 'specific'], [1, 'specific'], [1, 'specific'], [1, 'specific'], [1, 'specific'], [1, 'specific'], [1, 'specific'], [1, 'specific']]",scenario_3_repeat_2_2020-09-07_20h26_b58,"10 [0.1, 0.1, 0.1, 0.1, 0.1, 0.1, 0.1, 0.1, 0.1, 0.1]",10000.0,48000.0,1,2
uniform,"[0.1, 0.1, 0.1, 0.1, 0.1, 0.1, 0.1, 0.1, 0.1, 0.1]",mnist,100.0,"[0.1, 0.1, 0.1, 0.1, 0.1, 0.1, 0.1, 0.1, 0.1, 0.1]",8.0,1.0,336.2585870139301,1.0,70.0,0.9872999787330627,seq-pure,43170.0,10.0,"[[1, 'specific'], [1, 'specific'], [1, 'specific'], [1, 'specific'], [1, 'specific'], [1, 'specific'], [1, 'specific'], [1, 'specific'], [1, 'specific'], [1, 'specific']]",scenario_1_repeat_3_2020-09-07_22h13_c77,"10 [0.1, 0.1, 0.1, 0.1, 0.1, 0.1, 0.1, 0.1, 0.1, 0.1]",10000.0,48000.0,2,0
uniform,"[0.1, 0.1, 0.1, 0.1, 0.1, 0.1, 0.1, 0.1, 0.1, 0.1]",mnist,100.0,"[0.1, 0.1, 0.1, 0.1, 0.1, 0.1, 0.1, 0.1, 0.1, 0.1]",8.0,1.0,744.253076121211,3.0,32.0,0.0982000008225441,seq-pure,43170.0,10.0,"[[1, 'specific'], [1, 'specific'], [1, 'specific'], [1, 'specific'], [1, 'specific'], [1, 'specific'], [1, 'specific'], [1, 'specific'], [1, 'specific'], [1, 'specific']]",scenario_2_repeat_3_2020-09-07_22h18_ad9,"10 [0.1, 0.1, 0.1, 0.1, 0.1, 0.1, 0.1, 0.1, 0.1, 0.1]",10000.0,48000.0,2,1
uniform,"[0.1, 0.1, 0.1, 0.1, 0.1, 0.1, 0.1, 0.1, 0.1, 0.1]",mnist,100.0,"[0.1, 0.1, 0.1, 0.1, 0.1, 0.1, 0.1, 0.1, 0.1, 0.1]",8.0,1.0,6710.835745725781,10.0,32.0,0.9872000217437744,seq-pure,43170.0,10.0,"[[1, 'specific'], [1, 'specific'], [1, 'specific'], [1, 'specific'], [1, 'specific'], [1, 'specific'], [1, 'specific'], [1, 'specific'], [1, 'specific'], [1, 'specific']]",scenario_3_repeat_3_2020-09-07_22h31_264,"10 [0.1, 0.1, 0.1, 0.1, 0.1, 0.1, 0.1, 0.1, 0.1, 0.1]",10000.0,48000.0,2,2
uniform,"[0.1, 0.1, 0.1, 0.1, 0.1, 0.1, 0.1, 0.1, 0.1, 0.1]",mnist,100.0,"[0.1, 0.1, 0.1, 0.1, 0.1, 0.1, 0.1, 0.1, 0.1, 0.1]",8.0,1.0,149.94556196779013,1.0,31.0,0.09799999743700027,seq-pure,43170.0,10.0,"[[1, 'specific'], [1, 'specific'], [1, 'specific'], [1, 'specific'], [1, 'specific'], [1, 'specific'], [1, 'specific'], [1, 'specific'], [1, 'specific'], [1, 'specific']]",scenario_1_repeat_4_2020-09-08_00h23_632,"10 [0.1, 0.1, 0.1, 0.1, 0.1, 0.1, 0.1, 0.1, 0.1, 0.1]",10000.0,48000.0,3,0
uniform,"[0.1, 0.1, 0.1, 0.1, 0.1, 0.1, 0.1, 0.1, 0.1, 0.1]",mnist,100.0,"[0.1, 0.1, 0.1, 0.1, 0.1, 0.1, 0.1, 0.1, 0.1, 0.1]",8.0,1.0,865.9451837949455,3.0,37.0,0.9158999919891357,seq-pure,43170.0,10.0,"[[1, 'specific'], [1, 'specific'], [1, 'specific'], [1, 'specific'], [1, 'specific'], [1, 'specific'], [1, 'specific'], [1, 'specific'], [1, 'specific'], [1, 'specific']]",scenario_2_repeat_4_2020-09-08_00h25_b69,"10 [0.1, 0.1, 0.1, 0.1, 0.1, 0.1, 0.1, 0.1, 0.1, 0.1]",10000.0,48000.0,3,1
uniform,"[0.1, 0.1, 0.1, 0.1, 0.1, 0.1, 0.1, 0.1, 0.1, 0.1]",mnist,100.0,"[0.1, 0.1, 0.1, 0.1, 0.1, 0.1, 0.1, 0.1, 0.1, 0.1]",8.0,1.0,6435.090635932982,10.0,31.0,0.09740000218153,seq-pure,43170.0,10.0,"[[1, 'specific'], [1, 'specific'], [1, 'specific'], [1, 'specific'], [1, 'specific'], [1, 'specific'], [1, 'specific'], [1, 'specific'], [1, 'specific'], [1, 'specific']]",scenario_3_repeat_4_2020-09-08_00h39_c00,"10 [0.1, 0.1, 0.1, 0.1, 0.1, 0.1, 0.1, 0.1, 0.1, 0.1]",10000.0,48000.0,3,2
uniform,"[0.1, 0.1, 0.1, 0.1, 0.1, 0.1, 0.1, 0.1, 0.1, 0.1]",mnist,100.0,"[0.1, 0.1, 0.1, 0.1, 0.1, 0.1, 0.1, 0.1, 0.1, 0.1]",8.0,1.0,148.60844346508384,1.0,31.0,0.09740000218153,seq-pure,43170.0,10.0,"[[1, 'specific'], [1, 'specific'], [1, 'specific'], [1, 'specific'], [1, 'specific'], [1, 'specific'], [1, 'specific'], [1, 'specific'], [1, 'specific'], [1, 'specific']]",scenario_1_repeat_5_2020-09-08_02h27_074,"10 [0.1, 0.1, 0.1, 0.1, 0.1, 0.1, 0.1, 0.1, 0.1, 0.1]",10000.0,48000.0,4,0
uniform,"[0.1, 0.1, 0.1, 0.1, 0.1, 0.1, 0.1, 0.1, 0.1, 0.1]",mnist,100.0,"[0.1, 0.1, 0.1, 0.1, 0.1, 0.1, 0.1, 0.1, 0.1, 0.1]",8.0,1.0,1676.3204891234636,3.0,72.0,0.9869999885559082,seq-pure,43170.0,10.0,"[[1, 'specific'], [1, 'specific'], [1, 'specific'], [1, 'specific'], [1, 'specific'], [1, 'specific'], [1, 'specific'], [1, 'specific'], [1, 'specific'], [1, 'specific']]",scenario_2_repeat_5_2020-09-08_02h29_15a,"10 [0.1, 0.1, 0.1, 0.1, 0.1, 0.1, 0.1, 0.1, 0.1, 0.1]",10000.0,48000.0,4,1
uniform,"[0.1, 0.1, 0.1, 0.1, 0.1, 0.1, 0.1, 0.1, 0.1, 0.1]",mnist,100.0,"[0.1, 0.1, 0.1, 0.1, 0.1, 0.1, 0.1, 0.1, 0.1, 0.1]",8.0,1.0,7238.990789625794,10.0,35.0,0.9865000247955322,seq-pure,43170.0,10.0,"[[1, 'specific'], [1, 'specific'], [1, 'specific'], [1, 'specific'], [1, 'specific'], [1, 'specific'], [1, 'specific'], [1, 'specific'], [1, 'specific'], [1, 'specific']]",scenario_3_repeat_5_2020-09-08_02h57_9b0,"10 [0.1, 0.1, 0.1, 0.1, 0.1, 0.1, 0.1, 0.1, 0.1, 0.1]",10000.0,48000.0,4,2
uniform,"[0.1, 0.1, 0.1, 0.1, 0.1, 0.1, 0.1, 0.1, 0.1, 0.1]",mnist,100.0,"[0.1, 0.1, 0.1, 0.1, 0.1, 0.1, 0.1, 0.1, 0.1, 0.1]",8.0,1.0,184.4741434007883,1.0,38.0,0.0957999974489212,seq-pure,43170.0,10.0,"[[1, 'specific'], [1, 'specific'], [1, 'specific'], [1, 'specific'], [1, 'specific'], [1, 'specific'], [1, 'specific'], [1, 'specific'], [1, 'specific'], [1, 'specific']]",scenario_1_repeat_6_2020-09-08_04h58_c0f,"10 [0.1, 0.1, 0.1, 0.1, 0.1, 0.1, 0.1, 0.1, 0.1, 0.1]",10000.0,48000.0,5,0
uniform,"[0.1, 0.1, 0.1, 0.1, 0.1, 0.1, 0.1, 0.1, 0.1, 0.1]",mnist,100.0,"[0.1, 0.1, 0.1, 0.1, 0.1, 0.1, 0.1, 0.1, 0.1, 0.1]",8.0,1.0,1131.6665579527617,3.0,48.0,0.9872999787330627,seq-pure,43170.0,10.0,"[[1, 'specific'], [1, 'specific'], [1, 'specific'], [1, 'specific'], [1, 'specific'], [1, 'specific'], [1, 'specific'], [1, 'specific'], [1, 'specific'], [1, 'specific']]",scenario_2_repeat_6_2020-09-08_05h01_f94,"10 [0.1, 0.1, 0.1, 0.1, 0.1, 0.1, 0.1, 0.1, 0.1, 0.1]",10000.0,48000.0,5,1
uniform,"[0.1, 0.1, 0.1, 0.1, 0.1, 0.1, 0.1, 0.1, 0.1, 0.1]",mnist,100.0,"[0.1, 0.1, 0.1, 0.1, 0.1, 0.1, 0.1, 0.1, 0.1, 0.1]",8.0,1.0,6841.532554835081,10.0,33.0,0.08919999748468399,seq-pure,43170.0,10.0,"[[1, 'specific'], [1, 'specific'], [1, 'specific'], [1, 'specific'], [1, 'specific'], [1, 'specific'], [1, 'specific'], [1, 'specific'], [1, 'specific'], [1, 'specific']]",scenario_3_repeat_6_2020-09-08_05h20_f7b,"10 [0.1, 0.1, 0.1, 0.1, 0.1, 0.1, 0.1, 0.1, 0.1, 0.1]",10000.0,48000.0,5,2
uniform,"[0.1, 0.1, 0.1, 0.1, 0.1, 0.1, 0.1, 0.1, 0.1, 0.1]",mnist,100.0,"[0.1, 0.1, 0.1, 0.1, 0.1, 0.1, 0.1, 0.1, 0.1, 0.1]",8.0,1.0,326.1682432666421,1.0,68.0,0.9855999946594238,seq-pure,43170.0,10.0,"[[1, 'specific'], [1, 'specific'], [1, 'specific'], [1, 'specific'], [1, 'specific'], [1, 'specific'], [1, 'specific'], [1, 'specific'], [1, 'specific'], [1, 'specific']]",scenario_1_repeat_7_2020-09-08_07h14_9cd,"10 [0.1, 0.1, 0.1, 0.1, 0.1, 0.1, 0.1, 0.1, 0.1, 0.1]",10000.0,48000.0,6,0
uniform,"[0.1, 0.1, 0.1, 0.1, 0.1, 0.1, 0.1, 0.1, 0.1, 0.1]",mnist,100.0,"[0.1, 0.1, 0.1, 0.1, 0.1, 0.1, 0.1, 0.1, 0.1, 0.1]",8.0,1.0,916.9715746156871,3.0,39.0,0.9850000143051147,seq-pure,43170.0,10.0,"[[1, 'specific'], [1, 'specific'], [1, 'specific'], [1, 'specific'], [1, 'specific'], [1, 'specific'], [1, 'specific'], [1, 'specific'], [1, 'specific'], [1, 'specific']]",scenario_2_repeat_7_2020-09-08_07h19_ee0,"10 [0.1, 0.1, 0.1, 0.1, 0.1, 0.1, 0.1, 0.1, 0.1, 0.1]",10000.0,48000.0,6,1
uniform,"[0.1, 0.1, 0.1, 0.1, 0.1, 0.1, 0.1, 0.1, 0.1, 0.1]",mnist,100.0,"[0.1, 0.1, 0.1, 0.1, 0.1, 0.1, 0.1, 0.1, 0.1, 0.1]",8.0,1.0,8315.92212234065,10.0,40.0,0.9894000291824341,seq-pure,43170.0,10.0,"[[1, 'specific'], [1, 'specific'], [1, 'specific'], [1, 'specific'], [1, 'specific'], [1, 'specific'], [1, 'specific'], [1, 'specific'], [1, 'specific'], [1, 'specific']]",scenario_3_repeat_7_2020-09-08_07h35_db1,"10 [0.1, 0.1, 0.1, 0.1, 0.1, 0.1, 0.1, 0.1, 0.1, 0.1]",10000.0,48000.0,6,2
uniform,"[0.1, 0.1, 0.1, 0.1, 0.1, 0.1, 0.1, 0.1, 0.1, 0.1]",mnist,100.0,"[0.1, 0.1, 0.1, 0.1, 0.1, 0.1, 0.1, 0.1, 0.1, 0.1]",8.0,1.0,328.03520683944225,1.0,68.0,0.9861000180244446,seq-pure,43170.0,10.0,"[[1, 'specific'], [1, 'specific'], [1, 'specific'], [1, 'specific'], [1, 'specific'], [1, 'specific'], [1, 'specific'], [1, 'specific'], [1, 'specific'], [1, 'specific']]",scenario_1_repeat_8_2020-09-08_09h53_fea,"10 [0.1, 0.1, 0.1, 0.1, 0.1, 0.1, 0.1, 0.1, 0.1, 0.1]",10000.0,48000.0,7,0
uniform,"[0.1, 0.1, 0.1, 0.1, 0.1, 0.1, 0.1, 0.1, 0.1, 0.1]",mnist,100.0,"[0.1, 0.1, 0.1, 0.1, 0.1, 0.1, 0.1, 0.1, 0.1, 0.1]",8.0,1.0,918.9900915622711,3.0,39.0,0.984000027179718,seq-pure,43170.0,10.0,"[[1, 'specific'], [1, 'specific'], [1, 'specific'], [1, 'specific'], [1, 'specific'], [1, 'specific'], [1, 'specific'], [1, 'specific'], [1, 'specific'], [1, 'specific']]",scenario_2_repeat_8_2020-09-08_09h59_ef0,"10 [0.1, 0.1, 0.1, 0.1, 0.1, 0.1, 0.1, 0.1, 0.1, 0.1]",10000.0,48000.0,7,1
uniform,"[0.1, 0.1, 0.1, 0.1, 0.1, 0.1, 0.1, 0.1, 0.1, 0.1]",mnist,100.0,"[0.1, 0.1, 0.1, 0.1, 0.1, 0.1, 0.1, 0.1, 0.1, 0.1]",8.0,1.0,6462.373524449766,10.0,31.0,0.10090000182390213,seq-pure,43170.0,10.0,"[[1, 'specific'], [1, 'specific'], [1, 'specific'], [1, 'specific'], [1, 'specific'], [1, 'specific'], [1, 'specific'], [1, 'specific'], [1, 'specific'], [1, 'specific']]",scenario_3_repeat_8_2020-09-08_10h14_85b,"10 [0.1, 0.1, 0.1, 0.1, 0.1, 0.1, 0.1, 0.1, 0.1, 0.1]",10000.0,48000.0,7,2
uniform,"[0.1, 0.1, 0.1, 0.1, 0.1, 0.1, 0.1, 0.1, 0.1, 0.1]",mnist,100.0,"[0.1, 0.1, 0.1, 0.1, 0.1, 0.1, 0.1, 0.1, 0.1, 0.1]",8.0,1.0,173.72488950192928,1.0,36.0,0.10320000350475311,seq-pure,43170.0,10.0,"[[1, 'specific'], [1, 'specific'], [1, 'specific'], [1, 'specific'], [1, 'specific'], [1, 'specific'], [1, 'specific'], [1, 'specific'], [1, 'specific'], [1, 'specific']]",scenario_1_repeat_9_2020-09-08_12h02_a6b,"10 [0.1, 0.1, 0.1, 0.1, 0.1, 0.1, 0.1, 0.1, 0.1, 0.1]",10000.0,48000.0,8,0
uniform,"[0.1, 0.1, 0.1, 0.1, 0.1, 0.1, 0.1, 0.1, 0.1, 0.1]",mnist,100.0,"[0.1, 0.1, 0.1, 0.1, 0.1, 0.1, 0.1, 0.1, 0.1, 0.1]",8.0,1.0,1003.147674754262,3.0,43.0,0.9161999821662903,seq-pure,43170.0,10.0,"[[1, 'specific'], [1, 'specific'], [1, 'specific'], [1, 'specific'], [1, 'specific'], [1, 'specific'], [1, 'specific'], [1, 'specific'], [1, 'specific'], [1, 'specific']]",scenario_2_repeat_9_2020-09-08_12h05_124,"10 [0.1, 0.1, 0.1, 0.1, 0.1, 0.1, 0.1, 0.1, 0.1, 0.1]",10000.0,48000.0,8,1
uniform,"[0.1, 0.1, 0.1, 0.1, 0.1, 0.1, 0.1, 0.1, 0.1, 0.1]",mnist,100.0,"[0.1, 0.1, 0.1, 0.1, 0.1, 0.1, 0.1, 0.1, 0.1, 0.1]",8.0,1.0,7052.449483558536,10.0,34.0,0.9757000207901001,seq-pure,43170.0,10.0,"[[1, 'specific'], [1, 'specific'], [1, 'specific'], [1, 'specific'], [1, 'specific'], [1, 'specific'], [1, 'specific'], [1, 'specific'], [1, 'specific'], [1, 'specific']]",scenario_3_repeat_9_2020-09-08_12h21_9ae,"10 [0.1, 0.1, 0.1, 0.1, 0.1, 0.1, 0.1, 0.1, 0.1, 0.1]",10000.0,48000.0,8,2
uniform,"[0.1, 0.1, 0.1, 0.1, 0.1, 0.1, 0.1, 0.1, 0.1, 0.1]",mnist,100.0,"[0.1, 0.1, 0.1, 0.1, 0.1, 0.1, 0.1, 0.1, 0.1, 0.1]",8.0,1.0,147.2316445596516,1.0,31.0,0.11349999904632568,seq-pure,43170.0,10.0,"[[1, 'specific'], [1, 'specific'], [1, 'specific'], [1, 'specific'], [1, 'specific'], [1, 'specific'], [1, 'specific'], [1, 'specific'], [1, 'specific'], [1, 'specific']]",scenario_1_repeat_10_2020-09-08_14h19_47a,"10 [0.1, 0.1, 0.1, 0.1, 0.1, 0.1, 0.1, 0.1, 0.1, 0.1]",10000.0,48000.0,9,0
uniform,"[0.1, 0.1, 0.1, 0.1, 0.1, 0.1, 0.1, 0.1, 0.1, 0.1]",mnist,100.0,"[0.1, 0.1, 0.1, 0.1, 0.1, 0.1, 0.1, 0.1, 0.1, 0.1]",8.0,1.0,751.260164950043,3.0,32.0,0.10090000182390213,seq-pure,43170.0,10.0,"[[1, 'specific'], [1, 'specific'], [1, 'specific'], [1, 'specific'], [1, 'specific'], [1, 'specific'], [1, 'specific'], [1, 'specific'], [1, 'specific'], [1, 'specific']]",scenario_2_repeat_10_2020-09-08_14h21_826,"10 [0.1, 0.1, 0.1, 0.1, 0.1, 0.1, 0.1, 0.1, 0.1, 0.1]",10000.0,48000.0,9,1
uniform,"[0.1, 0.1, 0.1, 0.1, 0.1, 0.1, 0.1, 0.1, 0.1, 0.1]",mnist,100.0,"[0.1, 0.1, 0.1, 0.1, 0.1, 0.1, 0.1, 0.1, 0.1, 0.1]",8.0,1.0,11116.018017623574,10.0,53.0,0.9868999719619751,seq-pure,43170.0,10.0,"[[1, 'specific'], [1, 'specific'], [1, 'specific'], [1, 'specific'], [1, 'specific'], [1, 'specific'], [1, 'specific'], [1, 'specific'], [1, 'specific'], [1, 'specific']]",scenario_3_repeat_10_2020-09-08_14h34_c8f,"10 [0.1, 0.1, 0.1, 0.1, 0.1, 0.1, 0.1, 0.1, 0.1, 0.1]",10000.0,48000.0,9,2
uniform,"[0.1, 0.1, 0.1, 0.1, 0.1, 0.1, 0.1, 0.1, 0.1, 0.1]",mnist,100.0,"[0.1, 0.1, 0.1, 0.1, 0.1, 0.1, 0.1, 0.1, 0.1, 0.1]",8.0,1.0,201.82349275052547,1.0,42.0,0.09740000218153,seq-pure,43170.0,10.0,"[[1, 'specific'], [1, 'specific'], [1, 'specific'], [1, 'specific'], [1, 'specific'], [1, 'specific'], [1, 'specific'], [1, 'specific'], [1, 'specific'], [1, 'specific']]",scenario_1_repeat_11_2020-09-08_17h39_858,"10 [0.1, 0.1, 0.1, 0.1, 0.1, 0.1, 0.1, 0.1, 0.1, 0.1]",10000.0,48000.0,10,0
uniform,"[0.1, 0.1, 0.1, 0.1, 0.1, 0.1, 0.1, 0.1, 0.1, 0.1]",mnist,100.0,"[0.1, 0.1, 0.1, 0.1, 0.1, 0.1, 0.1, 0.1, 0.1, 0.1]",8.0,1.0,779.3043605908751,3.0,33.0,0.9110000133514404,seq-pure,43170.0,10.0,"[[1, 'specific'], [1, 'specific'], [1, 'specific'], [1, 'specific'], [1, 'specific'], [1, 'specific'], [1, 'specific'], [1, 'specific'], [1, 'specific'], [1, 'specific']]",scenario_2_repeat_11_2020-09-08_17h43_96a,"10 [0.1, 0.1, 0.1, 0.1, 0.1, 0.1, 0.1, 0.1, 0.1, 0.1]",10000.0,48000.0,10,1
uniform,"[0.1, 0.1, 0.1, 0.1, 0.1, 0.1, 0.1, 0.1, 0.1, 0.1]",mnist,100.0,"[0.1, 0.1, 0.1, 0.1, 0.1, 0.1, 0.1, 0.1, 0.1, 0.1]",8.0,1.0,7077.018958501518,10.0,34.0,0.9876999855041504,seq-pure,43170.0,10.0,"[[1, 'specific'], [1, 'specific'], [1, 'specific'], [1, 'specific'], [1, 'specific'], [1, 'specific'], [1, 'specific'], [1, 'specific'], [1, 'specific'], [1, 'specific']]",scenario_3_repeat_11_2020-09-08_17h56_b83,"10 [0.1, 0.1, 0.1, 0.1, 0.1, 0.1, 0.1, 0.1, 0.1, 0.1]",10000.0,48000.0,10,2
uniform,"[0.1, 0.1, 0.1, 0.1, 0.1, 0.1, 0.1, 0.1, 0.1, 0.1]",mnist,100.0,"[0.1, 0.1, 0.1, 0.1, 0.1, 0.1, 0.1, 0.1, 0.1, 0.1]",8.0,1.0,380.5560712479055,1.0,79.0,0.9872000217437744,seq-pure,43170.0,10.0,"[[1, 'specific'], [1, 'specific'], [1, 'specific'], [1, 'specific'], [1, 'specific'], [1, 'specific'], [1, 'specific'], [1, 'specific'], [1, 'specific'], [1, 'specific']]",scenario_1_repeat_12_2020-09-08_19h54_7aa,"10 [0.1, 0.1, 0.1, 0.1, 0.1, 0.1, 0.1, 0.1, 0.1, 0.1]",10000.0,48000.0,11,0
uniform,"[0.1, 0.1, 0.1, 0.1, 0.1, 0.1, 0.1, 0.1, 0.1, 0.1]",mnist,100.0,"[0.1, 0.1, 0.1, 0.1, 0.1, 0.1, 0.1, 0.1, 0.1, 0.1]",8.0,1.0,1308.7142560817301,3.0,55.0,0.9314000010490417,seq-pure,43170.0,10.0,"[[1, 'specific'], [1, 'specific'], [1, 'specific'], [1, 'specific'], [1, 'specific'], [1, 'specific'], [1, 'specific'], [1, 'specific'], [1, 'specific'], [1, 'specific']]",scenario_2_repeat_12_2020-09-08_20h00_b82,"10 [0.1, 0.1, 0.1, 0.1, 0.1, 0.1, 0.1, 0.1, 0.1, 0.1]",10000.0,48000.0,11,1
uniform,"[0.1, 0.1, 0.1, 0.1, 0.1, 0.1, 0.1, 0.1, 0.1, 0.1]",mnist,100.0,"[0.1, 0.1, 0.1, 0.1, 0.1, 0.1, 0.1, 0.1, 0.1, 0.1]",8.0,1.0,7058.963804196566,10.0,34.0,0.986299991607666,seq-pure,43170.0,10.0,"[[1, 'specific'], [1, 'specific'], [1, 'specific'], [1, 'specific'], [1, 'specific'], [1, 'specific'], [1, 'specific'], [1, 'specific'], [1, 'specific'], [1, 'specific']]",scenario_3_repeat_12_2020-09-08_20h22_775,"10 [0.1, 0.1, 0.1, 0.1, 0.1, 0.1, 0.1, 0.1, 0.1, 0.1]",10000.0,48000.0,11,2
uniform,"[0.1, 0.1, 0.1, 0.1, 0.1, 0.1, 0.1, 0.1, 0.1, 0.1]",mnist,100.0,"[0.1, 0.1, 0.1, 0.1, 0.1, 0.1, 0.1, 0.1, 0.1, 0.1]",8.0,1.0,337.5160958468914,1.0,70.0,0.9868000149726868,seq-pure,43170.0,10.0,"[[1, 'specific'], [1, 'specific'], [1, 'specific'], [1, 'specific'], [1, 'specific'], [1, 'specific'], [1, 'specific'], [1, 'specific'], [1, 'specific'], [1, 'specific']]",scenario_1_repeat_13_2020-09-08_22h19_142,"10 [0.1, 0.1, 0.1, 0.1, 0.1, 0.1, 0.1, 0.1, 0.1, 0.1]",10000.0,48000.0,12,0
uniform,"[0.1, 0.1, 0.1, 0.1, 0.1, 0.1, 0.1, 0.1, 0.1, 0.1]",mnist,100.0,"[0.1, 0.1, 0.1, 0.1, 0.1, 0.1, 0.1, 0.1, 0.1, 0.1]",8.0,1.0,874.3505601920187,3.0,37.0,0.11349999904632568,seq-pure,43170.0,10.0,"[[1, 'specific'], [1, 'specific'], [1, 'specific'], [1, 'specific'], [1, 'specific'], [1, 'specific'], [1, 'specific'], [1, 'specific'], [1, 'specific'], [1, 'specific']]",scenario_2_repeat_13_2020-09-08_22h25_59f,"10 [0.1, 0.1, 0.1, 0.1, 0.1, 0.1, 0.1, 0.1, 0.1, 0.1]",10000.0,48000.0,12,1
uniform,"[0.1, 0.1, 0.1, 0.1, 0.1, 0.1, 0.1, 0.1, 0.1, 0.1]",mnist,100.0,"[0.1, 0.1, 0.1, 0.1, 0.1, 0.1, 0.1, 0.1, 0.1, 0.1]",8.0,1.0,6665.292381200939,10.0,32.0,0.9883999824523926,seq-pure,43170.0,10.0,"[[1, 'specific'], [1, 'specific'], [1, 'specific'], [1, 'specific'], [1, 'specific'], [1, 'specific'], [1, 'specific'], [1, 'specific'], [1, 'specific'], [1, 'specific']]",scenario_3_repeat_13_2020-09-08_22h40_c69,"10 [0.1, 0.1, 0.1, 0.1, 0.1, 0.1, 0.1, 0.1, 0.1, 0.1]",10000.0,48000.0,12,2
uniform,"[0.1, 0.1, 0.1, 0.1, 0.1, 0.1, 0.1, 0.1, 0.1, 0.1]",mnist,100.0,"[0.1, 0.1, 0.1, 0.1, 0.1, 0.1, 0.1, 0.1, 0.1, 0.1]",8.0,1.0,150.85675839334726,1.0,31.0,0.10279999673366547,seq-pure,43170.0,10.0,"[[1, 'specific'], [1, 'specific'], [1, 'specific'], [1, 'specific'], [1, 'specific'], [1, 'specific'], [1, 'specific'], [1, 'specific'], [1, 'specific'], [1, 'specific']]",scenario_1_repeat_14_2020-09-09_00h31_8b4,"10 [0.1, 0.1, 0.1, 0.1, 0.1, 0.1, 0.1, 0.1, 0.1, 0.1]",10000.0,48000.0,13,0
uniform,"[0.1, 0.1, 0.1, 0.1, 0.1, 0.1, 0.1, 0.1, 0.1, 0.1]",mnist,100.0,"[0.1, 0.1, 0.1, 0.1, 0.1, 0.1, 0.1, 0.1, 0.1, 0.1]",8.0,1.0,1084.1543289870024,3.0,46.0,0.98580002784729,seq-pure,43170.0,10.0,"[[1, 'specific'], [1, 'specific'], [1, 'specific'], [1, 'specific'], [1, 'specific'], [1, 'specific'], [1, 'specific'], [1, 'specific'], [1, 'specific'], [1, 'specific']]",scenario_2_repeat_14_2020-09-09_00h33_678,"10 [0.1, 0.1, 0.1, 0.1, 0.1, 0.1, 0.1, 0.1, 0.1, 0.1]",10000.0,48000.0,13,1
uniform,"[0.1, 0.1, 0.1, 0.1, 0.1, 0.1, 0.1, 0.1, 0.1, 0.1]",mnist,100.0,"[0.1, 0.1, 0.1, 0.1, 0.1, 0.1, 0.1, 0.1, 0.1, 0.1]",8.0,1.0,6823.240419052541,10.0,33.0,0.9887999892234802,seq-pure,43170.0,10.0,"[[1, 'specific'], [1, 'specific'], [1, 'specific'], [1, 'specific'], [1, 'specific'], [1, 'specific'], [1, 'specific'], [1, 'specific'], [1, 'specific'], [1, 'specific']]",scenario_3_repeat_14_2020-09-09_00h51_ffc,"10 [0.1, 0.1, 0.1, 0.1, 0.1, 0.1, 0.1, 0.1, 0.1, 0.1]",10000.0,48000.0,13,2
uniform,"[0.1, 0.1, 0.1, 0.1, 0.1, 0.1, 0.1, 0.1, 0.1, 0.1]",mnist,100.0,"[0.1, 0.1, 0.1, 0.1, 0.1, 0.1, 0.1, 0.1, 0.1, 0.1]",8.0,1.0,149.75014156103134,1.0,31.0,0.0957999974489212,seq-pure,43170.0,10.0,"[[1, 'specific'], [1, 'specific'], [1, 'specific'], [1, 'specific'], [1, 'specific'], [1, 'specific'], [1, 'specific'], [1, 'specific'], [1, 'specific'], [1, 'specific']]",scenario_1_repeat_15_2020-09-09_02h45_856,"10 [0.1, 0.1, 0.1, 0.1, 0.1, 0.1, 0.1, 0.1, 0.1, 0.1]",10000.0,48000.0,14,0
uniform,"[0.1, 0.1, 0.1, 0.1, 0.1, 0.1, 0.1, 0.1, 0.1, 0.1]",mnist,100.0,"[0.1, 0.1, 0.1, 0.1, 0.1, 0.1, 0.1, 0.1, 0.1, 0.1]",8.0,1.0,1043.9744895361364,3.0,44.0,0.9890000224113464,seq-pure,43170.0,10.0,"[[1, 'specific'], [1, 'specific'], [1, 'specific'], [1, 'specific'], [1, 'specific'], [1, 'specific'], [1, 'specific'], [1, 'specific'], [1, 'specific'], [1, 'specific']]",scenario_2_repeat_15_2020-09-09_02h48_c9f,"10 [0.1, 0.1, 0.1, 0.1, 0.1, 0.1, 0.1, 0.1, 0.1, 0.1]",10000.0,48000.0,14,1
uniform,"[0.1, 0.1, 0.1, 0.1, 0.1, 0.1, 0.1, 0.1, 0.1, 0.1]",mnist,100.0,"[0.1, 0.1, 0.1, 0.1, 0.1, 0.1, 0.1, 0.1, 0.1, 0.1]",8.0,1.0,6833.5111180096865,10.0,33.0,0.9872000217437744,seq-pure,43170.0,10.0,"[[1, 'specific'], [1, 'specific'], [1, 'specific'], [1, 'specific'], [1, 'specific'], [1, 'specific'], [1, 'specific'], [1, 'specific'], [1, 'specific'], [1, 'specific']]",scenario_3_repeat_15_2020-09-09_03h05_70e,"10 [0.1, 0.1, 0.1, 0.1, 0.1, 0.1, 0.1, 0.1, 0.1, 0.1]",10000.0,48000.0,14,2
uniform,"[0.1, 0.1, 0.1, 0.1, 0.1, 0.1, 0.1, 0.1, 0.1, 0.1]",mnist,100.0,"[0.1, 0.1, 0.1, 0.1, 0.1, 0.1, 0.1, 0.1, 0.1, 0.1]",8.0,1.0,382.1979986652732,1.0,81.0,0.9843999743461609,seq-pure,43170.0,10.0,"[[1, 'specific'], [1, 'specific'], [1, 'specific'], [1, 'specific'], [1, 'specific'], [1, 'specific'], [1, 'specific'], [1, 'specific'], [1, 'specific'], [1, 'specific']]",scenario_1_repeat_16_2020-09-09_04h59_54b,"10 [0.1, 0.1, 0.1, 0.1, 0.1, 0.1, 0.1, 0.1, 0.1, 0.1]",10000.0,48000.0,15,0
uniform,"[0.1, 0.1, 0.1, 0.1, 0.1, 0.1, 0.1, 0.1, 0.1, 0.1]",mnist,100.0,"[0.1, 0.1, 0.1, 0.1, 0.1, 0.1, 0.1, 0.1, 0.1, 0.1]",8.0,1.0,896.5316988378763,3.0,38.0,0.0957999974489212,seq-pure,43170.0,10.0,"[[1, 'specific'], [1, 'specific'], [1, 'specific'], [1, 'specific'], [1, 'specific'], [1, 'specific'], [1, 'specific'], [1, 'specific'], [1, 'specific'], [1, 'specific']]",scenario_2_repeat_16_2020-09-09_05h05_bfa,"10 [0.1, 0.1, 0.1, 0.1, 0.1, 0.1, 0.1, 0.1, 0.1, 0.1]",10000.0,48000.0,15,1
uniform,"[0.1, 0.1, 0.1, 0.1, 0.1, 0.1, 0.1, 0.1, 0.1, 0.1]",mnist,100.0,"[0.1, 0.1, 0.1, 0.1, 0.1, 0.1, 0.1, 0.1, 0.1, 0.1]",8.0,1.0,7073.059395287186,10.0,34.0,0.9872999787330627,seq-pure,43170.0,10.0,"[[1, 'specific'], [1, 'specific'], [1, 'specific'], [1, 'specific'], [1, 'specific'], [1, 'specific'], [1, 'specific'], [1, 'specific'], [1, 'specific'], [1, 'specific']]",scenario_3_repeat_16_2020-09-09_05h20_6f6,"10 [0.1, 0.1, 0.1, 0.1, 0.1, 0.1, 0.1, 0.1, 0.1, 0.1]",10000.0,48000.0,15,2
uniform,"[0.1, 0.1, 0.1, 0.1, 0.1, 0.1, 0.1, 0.1, 0.1, 0.1]",mnist,100.0,"[0.1, 0.1, 0.1, 0.1, 0.1, 0.1, 0.1, 0.1, 0.1, 0.1]",8.0,1.0,148.43078382313251,1.0,31.0,0.10090000182390213,seq-pure,43170.0,10.0,"[[1, 'specific'], [1, 'specific'], [1, 'specific'], [1, 'specific'], [1, 'specific'], [1, 'specific'], [1, 'specific'], [1, 'specific'], [1, 'specific'], [1, 'specific']]",scenario_1_repeat_17_2020-09-09_07h18_a36,"10 [0.1, 0.1, 0.1, 0.1, 0.1, 0.1, 0.1, 0.1, 0.1, 0.1]",10000.0,48000.0,16,0
uniform,"[0.1, 0.1, 0.1, 0.1, 0.1, 0.1, 0.1, 0.1, 0.1, 0.1]",mnist,100.0,"[0.1, 0.1, 0.1, 0.1, 0.1, 0.1, 0.1, 0.1, 0.1, 0.1]",8.0,1.0,735.4146916158497,3.0,31.0,0.10090000182390213,seq-pure,43170.0,10.0,"[[1, 'specific'], [1, 'specific'], [1, 'specific'], [1, 'specific'], [1, 'specific'], [1, 'specific'], [1, 'specific'], [1, 'specific'], [1, 'specific'], [1, 'specific']]",scenario_2_repeat_17_2020-09-09_07h21_1f6,"10 [0.1, 0.1, 0.1, 0.1, 0.1, 0.1, 0.1, 0.1, 0.1, 0.1]",10000.0,48000.0,16,1
uniform,"[0.1, 0.1, 0.1, 0.1, 0.1, 0.1, 0.1, 0.1, 0.1, 0.1]",mnist,100.0,"[0.1, 0.1, 0.1, 0.1, 0.1, 0.1, 0.1, 0.1, 0.1, 0.1]",8.0,1.0,7083.380329433829,10.0,34.0,0.9861000180244446,seq-pure,43170.0,10.0,"[[1, 'specific'], [1, 'specific'], [1, 'specific'], [1, 'specific'], [1, 'specific'], [1, 'specific'], [1, 'specific'], [1, 'specific'], [1, 'specific'], [1, 'specific']]",scenario_3_repeat_17_2020-09-09_07h33_272,"10 [0.1, 0.1, 0.1, 0.1, 0.1, 0.1, 0.1, 0.1, 0.1, 0.1]",10000.0,48000.0,16,2
uniform,"[0.1, 0.1, 0.1, 0.1, 0.1, 0.1, 0.1, 0.1, 0.1, 0.1]",mnist,100.0,"[0.1, 0.1, 0.1, 0.1, 0.1, 0.1, 0.1, 0.1, 0.1, 0.1]",8.0,1.0,151.1159129589796,1.0,31.0,0.0982000008225441,seq-pure,43170.0,10.0,"[[1, 'specific'], [1, 'specific'], [1, 'specific'], [1, 'specific'], [1, 'specific'], [1, 'specific'], [1, 'specific'], [1, 'specific'], [1, 'specific'], [1, 'specific']]",scenario_1_repeat_18_2020-09-09_09h31_e01,"10 [0.1, 0.1, 0.1, 0.1, 0.1, 0.1, 0.1, 0.1, 0.1, 0.1]",10000.0,48000.0,17,0
uniform,"[0.1, 0.1, 0.1, 0.1, 0.1, 0.1, 0.1, 0.1, 0.1, 0.1]",mnist,100.0,"[0.1, 0.1, 0.1, 0.1, 0.1, 0.1, 0.1, 0.1, 0.1, 0.1]",8.0,1.0,780.287679951638,3.0,34.0,0.08919999748468399,seq-pure,43170.0,10.0,"[[1, 'specific'], [1, 'specific'], [1, 'specific'], [1, 'specific'], [1, 'specific'], [1, 'specific'], [1, 'specific'], [1, 'specific'], [1, 'specific'], [1, 'specific']]",scenario_2_repeat_18_2020-09-09_09h34_2c6,"10 [0.1, 0.1, 0.1, 0.1, 0.1, 0.1, 0.1, 0.1, 0.1, 0.1]",10000.0,48000.0,17,1
uniform,"[0.1, 0.1, 0.1, 0.1, 0.1, 0.1, 0.1, 0.1, 0.1, 0.1]",mnist,100.0,"[0.1, 0.1, 0.1, 0.1, 0.1, 0.1, 0.1, 0.1, 0.1, 0.1]",8.0,1.0,7015.5431731157005,10.0,34.0,0.9861000180244446,seq-pure,43170.0,10.0,"[[1, 'specific'], [1, 'specific'], [1, 'specific'], [1, 'specific'], [1, 'specific'], [1, 'specific'], [1, 'specific'], [1, 'specific'], [1, 'specific'], [1, 'specific']]",scenario_3_repeat_18_2020-09-09_09h47_bce,"10 [0.1, 0.1, 0.1, 0.1, 0.1, 0.1, 0.1, 0.1, 0.1, 0.1]",10000.0,48000.0,17,2
uniform,"[0.1, 0.1, 0.1, 0.1, 0.1, 0.1, 0.1, 0.1, 0.1, 0.1]",mnist,100.0,"[0.1, 0.1, 0.1, 0.1, 0.1, 0.1, 0.1, 0.1, 0.1, 0.1]",8.0,1.0,319.91779359430075,1.0,67.0,0.9876999855041504,seq-pure,43170.0,10.0,"[[1, 'specific'], [1, 'specific'], [1, 'specific'], [1, 'specific'], [1, 'specific'], [1, 'specific'], [1, 'specific'], [1, 'specific'], [1, 'specific'], [1, 'specific']]",scenario_1_repeat_19_2020-09-09_11h44_098,"10 [0.1, 0.1, 0.1, 0.1, 0.1, 0.1, 0.1, 0.1, 0.1, 0.1]",10000.0,48000.0,18,0
uniform,"[0.1, 0.1, 0.1, 0.1, 0.1, 0.1, 0.1, 0.1, 0.1, 0.1]",mnist,100.0,"[0.1, 0.1, 0.1, 0.1, 0.1, 0.1, 0.1, 0.1, 0.1, 0.1]",8.0,1.0,975.6391270384192,3.0,42.0,0.8618999719619751,seq-pure,43170.0,10.0,"[[1, 'specific'], [1, 'specific'], [1, 'specific'], [1, 'specific'], [1, 'specific'], [1, 'specific'], [1, 'specific'], [1, 'specific'], [1, 'specific'], [1, 'specific']]",scenario_2_repeat_19_2020-09-09_11h49_bc0,"10 [0.1, 0.1, 0.1, 0.1, 0.1, 0.1, 0.1, 0.1, 0.1, 0.1]",10000.0,48000.0,18,1
uniform,"[0.1, 0.1, 0.1, 0.1, 0.1, 0.1, 0.1, 0.1, 0.1, 0.1]",mnist,100.0,"[0.1, 0.1, 0.1, 0.1, 0.1, 0.1, 0.1, 0.1, 0.1, 0.1]",8.0,1.0,6841.609328478575,10.0,33.0,0.9878000020980835,seq-pure,43170.0,10.0,"[[1, 'specific'], [1, 'specific'], [1, 'specific'], [1, 'specific'], [1, 'specific'], [1, 'specific'], [1, 'specific'], [1, 'specific'], [1, 'specific'], [1, 'specific']]",scenario_3_repeat_19_2020-09-09_12h05_d58,"10 [0.1, 0.1, 0.1, 0.1, 0.1, 0.1, 0.1, 0.1, 0.1, 0.1]",10000.0,48000.0,18,2
uniform,"[0.1, 0.1, 0.1, 0.1, 0.1, 0.1, 0.1, 0.1, 0.1, 0.1]",mnist,100.0,"[0.1, 0.1, 0.1, 0.1, 0.1, 0.1, 0.1, 0.1, 0.1, 0.1]",8.0,1.0,320.4700625501573,1.0,67.0,0.9868000149726868,seq-pure,43170.0,10.0,"[[1, 'specific'], [1, 'specific'], [1, 'specific'], [1, 'specific'], [1, 'specific'], [1, 'specific'], [1, 'specific'], [1, 'specific'], [1, 'specific'], [1, 'specific']]",scenario_1_repeat_20_2020-09-09_13h59_61b,"10 [0.1, 0.1, 0.1, 0.1, 0.1, 0.1, 0.1, 0.1, 0.1, 0.1]",10000.0,48000.0,19,0
uniform,"[0.1, 0.1, 0.1, 0.1, 0.1, 0.1, 0.1, 0.1, 0.1, 0.1]",mnist,100.0,"[0.1, 0.1, 0.1, 0.1, 0.1, 0.1, 0.1, 0.1, 0.1, 0.1]",8.0,1.0,1003.8851502425969,3.0,43.0,0.9865999817848206,seq-pure,43170.0,10.0,"[[1, 'specific'], [1, 'specific'], [1, 'specific'], [1, 'specific'], [1, 'specific'], [1, 'specific'], [1, 'specific'], [1, 'specific'], [1, 'specific'], [1, 'specific']]",scenario_2_repeat_20_2020-09-09_14h05_0a0,"10 [0.1, 0.1, 0.1, 0.1, 0.1, 0.1, 0.1, 0.1, 0.1, 0.1]",10000.0,48000.0,19,1
uniform,"[0.1, 0.1, 0.1, 0.1, 0.1, 0.1, 0.1, 0.1, 0.1, 0.1]",mnist,100.0,"[0.1, 0.1, 0.1, 0.1, 0.1, 0.1, 0.1, 0.1, 0.1, 0.1]",8.0,1.0,6396.831881139427,10.0,31.0,0.0957999974489212,seq-pure,43170.0,10.0,"[[1, 'specific'], [1, 'specific'], [1, 'specific'], [1, 'specific'], [1, 'specific'], [1, 'specific'], [1, 'specific'], [1, 'specific'], [1, 'specific'], [1, 'specific']]",scenario_3_repeat_20_2020-09-09_14h21_d23,"10 [0.1, 0.1, 0.1, 0.1, 0.1, 0.1, 0.1, 0.1, 0.1, 0.1]",10000.0,48000.0,19,2
uniform,"[0.1, 0.1, 0.1, 0.1, 0.1, 0.1, 0.1, 0.1, 0.1, 0.1]",mnist,100.0,"[0.1, 0.1, 0.1, 0.1, 0.1, 0.1, 0.1, 0.1, 0.1, 0.1]",8.0,1.0,294.21284495666623,1.0,70.0,0.9864000082015991,seq-pure,43170.0,10.0,"[[1, 'specific'], [1, 'specific'], [1, 'specific'], [1, 'specific'], [1, 'specific'], [1, 'specific'], [1, 'specific'], [1, 'specific'], [1, 'specific'], [1, 'specific']]",scenario_1_repeat_21_2020-09-09_16h08_fd1,"10 [0.1, 0.1, 0.1, 0.1, 0.1, 0.1, 0.1, 0.1, 0.1, 0.1]",10000.0,48000.0,20,0
uniform,"[0.1, 0.1, 0.1, 0.1, 0.1, 0.1, 0.1, 0.1, 0.1, 0.1]",mnist,100.0,"[0.1, 0.1, 0.1, 0.1, 0.1, 0.1, 0.1, 0.1, 0.1, 0.1]",8.0,1.0,805.2676105052233,3.0,38.0,0.09740000218153,seq-pure,43170.0,10.0,"[[1, 'specific'], [1, 'specific'], [1, 'specific'], [1, 'specific'], [1, 'specific'], [1, 'specific'], [1, 'specific'], [1, 'specific'], [1, 'specific'], [1, 'specific']]",scenario_2_repeat_21_2020-09-09_16h13_81f,"10 [0.1, 0.1, 0.1, 0.1, 0.1, 0.1, 0.1, 0.1, 0.1, 0.1]",10000.0,48000.0,20,1
uniform,"[0.1, 0.1, 0.1, 0.1, 0.1, 0.1, 0.1, 0.1, 0.1, 0.1]",mnist,100.0,"[0.1, 0.1, 0.1, 0.1, 0.1, 0.1, 0.1, 0.1, 0.1, 0.1]",8.0,1.0,6641.750203341246,10.0,32.0,0.9889000058174133,seq-pure,43170.0,10.0,"[[1, 'specific'], [1, 'specific'], [1, 'specific'], [1, 'specific'], [1, 'specific'], [1, 'specific'], [1, 'specific'], [1, 'specific'], [1, 'specific'], [1, 'specific']]",scenario_3_repeat_21_2020-09-09_16h26_eb9,"10 [0.1, 0.1, 0.1, 0.1, 0.1, 0.1, 0.1, 0.1, 0.1, 0.1]",10000.0,48000.0,20,2
uniform,"[0.1, 0.1, 0.1, 0.1, 0.1, 0.1, 0.1, 0.1, 0.1, 0.1]",mnist,100.0,"[0.1, 0.1, 0.1, 0.1, 0.1, 0.1, 0.1, 0.1, 0.1, 0.1]",8.0,1.0,348.56756853684783,1.0,74.0,0.9860000014305115,seq-pure,43170.0,10.0,"[[1, 'specific'], [1, 'specific'], [1, 'specific'], [1, 'specific'], [1, 'specific'], [1, 'specific'], [1, 'specific'], [1, 'specific'], [1, 'specific'], [1, 'specific']]",scenario_1_repeat_22_2020-09-09_18h17_bba,"10 [0.1, 0.1, 0.1, 0.1, 0.1, 0.1, 0.1, 0.1, 0.1, 0.1]",10000.0,48000.0,21,0
uniform,"[0.1, 0.1, 0.1, 0.1, 0.1, 0.1, 0.1, 0.1, 0.1, 0.1]",mnist,100.0,"[0.1, 0.1, 0.1, 0.1, 0.1, 0.1, 0.1, 0.1, 0.1, 0.1]",8.0,1.0,849.7029954716563,3.0,36.0,0.08919999748468399,seq-pure,43170.0,10.0,"[[1, 'specific'], [1, 'specific'], [1, 'specific'], [1, 'specific'], [1, 'specific'], [1, 'specific'], [1, 'specific'], [1, 'specific'], [1, 'specific'], [1, 'specific']]",scenario_2_repeat_22_2020-09-09_18h23_92a,"10 [0.1, 0.1, 0.1, 0.1, 0.1, 0.1, 0.1, 0.1, 0.1, 0.1]",10000.0,48000.0,21,1
uniform,"[0.1, 0.1, 0.1, 0.1, 0.1, 0.1, 0.1, 0.1, 0.1, 0.1]",mnist,100.0,"[0.1, 0.1, 0.1, 0.1, 0.1, 0.1, 0.1, 0.1, 0.1, 0.1]",8.0,1.0,6406.9193061590195,10.0,31.0,0.9883000254631042,seq-pure,43170.0,10.0,"[[1, 'specific'], [1, 'specific'], [1, 'specific'], [1, 'specific'], [1, 'specific'], [1, 'specific'], [1, 'specific'], [1, 'specific'], [1, 'specific'], [1, 'specific']]",scenario_3_repeat_22_2020-09-09_18h37_cfa,"10 [0.1, 0.1, 0.1, 0.1, 0.1, 0.1, 0.1, 0.1, 0.1, 0.1]",10000.0,48000.0,21,2
uniform,"[0.1, 0.1, 0.1, 0.1, 0.1, 0.1, 0.1, 0.1, 0.1, 0.1]",mnist,100.0,"[0.1, 0.1, 0.1, 0.1, 0.1, 0.1, 0.1, 0.1, 0.1, 0.1]",8.0,1.0,149.05713694542646,1.0,31.0,0.09799999743700027,seq-pure,43170.0,10.0,"[[1, 'specific'], [1, 'specific'], [1, 'specific'], [1, 'specific'], [1, 'specific'], [1, 'specific'], [1, 'specific'], [1, 'specific'], [1, 'specific'], [1, 'specific']]",scenario_1_repeat_23_2020-09-09_20h24_4ba,"10 [0.1, 0.1, 0.1, 0.1, 0.1, 0.1, 0.1, 0.1, 0.1, 0.1]",10000.0,48000.0,22,0
uniform,"[0.1, 0.1, 0.1, 0.1, 0.1, 0.1, 0.1, 0.1, 0.1, 0.1]",mnist,100.0,"[0.1, 0.1, 0.1, 0.1, 0.1, 0.1, 0.1, 0.1, 0.1, 0.1]",8.0,1.0,833.8121297098696,3.0,36.0,0.0982000008225441,seq-pure,43170.0,10.0,"[[1, 'specific'], [1, 'specific'], [1, 'specific'], [1, 'specific'], [1, 'specific'], [1, 'specific'], [1, 'specific'], [1, 'specific'], [1, 'specific'], [1, 'specific']]",scenario_2_repeat_23_2020-09-09_20h26_aa8,"10 [0.1, 0.1, 0.1, 0.1, 0.1, 0.1, 0.1, 0.1, 0.1, 0.1]",10000.0,48000.0,22,1
uniform,"[0.1, 0.1, 0.1, 0.1, 0.1, 0.1, 0.1, 0.1, 0.1, 0.1]",mnist,100.0,"[0.1, 0.1, 0.1, 0.1, 0.1, 0.1, 0.1, 0.1, 0.1, 0.1]",8.0,1.0,6581.678637430072,10.0,32.0,0.9884999990463257,seq-pure,43170.0,10.0,"[[1, 'specific'], [1, 'specific'], [1, 'specific'], [1, 'specific'], [1, 'specific'], [1, 'specific'], [1, 'specific'], [1, 'specific'], [1, 'specific'], [1, 'specific']]",scenario_3_repeat_23_2020-09-09_20h40_7d0,"10 [0.1, 0.1, 0.1, 0.1, 0.1, 0.1, 0.1, 0.1, 0.1, 0.1]",10000.0,48000.0,22,2
uniform,"[0.1, 0.1, 0.1, 0.1, 0.1, 0.1, 0.1, 0.1, 0.1, 0.1]",mnist,100.0,"[0.1, 0.1, 0.1, 0.1, 0.1, 0.1, 0.1, 0.1, 0.1, 0.1]",8.0,1.0,148.73868089914322,1.0,31.0,0.11349999904632568,seq-pure,43170.0,10.0,"[[1, 'specific'], [1, 'specific'], [1, 'specific'], [1, 'specific'], [1, 'specific'], [1, 'specific'], [1, 'specific'], [1, 'specific'], [1, 'specific'], [1, 'specific']]",scenario_1_repeat_24_2020-09-09_22h30_13a,"10 [0.1, 0.1, 0.1, 0.1, 0.1, 0.1, 0.1, 0.1, 0.1, 0.1]",10000.0,48000.0,23,0
uniform,"[0.1, 0.1, 0.1, 0.1, 0.1, 0.1, 0.1, 0.1, 0.1, 0.1]",mnist,100.0,"[0.1, 0.1, 0.1, 0.1, 0.1, 0.1, 0.1, 0.1, 0.1, 0.1]",8.0,1.0,924.2218729481101,3.0,39.0,0.987500011920929,seq-pure,43170.0,10.0,"[[1, 'specific'], [1, 'specific'], [1, 'specific'], [1, 'specific'], [1, 'specific'], [1, 'specific'], [1, 'specific'], [1, 'specific'], [1, 'specific'], [1, 'specific']]",scenario_2_repeat_24_2020-09-09_22h32_14b,"10 [0.1, 0.1, 0.1, 0.1, 0.1, 0.1, 0.1, 0.1, 0.1, 0.1]",10000.0,48000.0,23,1
uniform,"[0.1, 0.1, 0.1, 0.1, 0.1, 0.1, 0.1, 0.1, 0.1, 0.1]",mnist,100.0,"[0.1, 0.1, 0.1, 0.1, 0.1, 0.1, 0.1, 0.1, 0.1, 0.1]",8.0,1.0,7231.77122573182,10.0,35.0,0.9864000082015991,seq-pure,43170.0,10.0,"[[1, 'specific'], [1, 'specific'], [1, 'specific'], [1, 'specific'], [1, 'specific'], [1, 'specific'], [1, 'specific'], [1, 'specific'], [1, 'specific'], [1, 'specific']]",scenario_3_repeat_24_2020-09-09_22h48_27b,"10 [0.1, 0.1, 0.1, 0.1, 0.1, 0.1, 0.1, 0.1, 0.1, 0.1]",10000.0,48000.0,23,2
uniform,"[0.1, 0.1, 0.1, 0.1, 0.1, 0.1, 0.1, 0.1, 0.1, 0.1]",mnist,100.0,"[0.1, 0.1, 0.1, 0.1, 0.1, 0.1, 0.1, 0.1, 0.1, 0.1]",8.0,1.0,327.79730014130473,1.0,68.0,0.9872999787330627,seq-pure,43170.0,10.0,"[[1, 'specific'], [1, 'specific'], [1, 'specific'], [1, 'specific'], [1, 'specific'], [1, 'specific'], [1, 'specific'], [1, 'specific'], [1, 'specific'], [1, 'specific']]",scenario_1_repeat_25_2020-09-10_00h48_c4f,"10 [0.1, 0.1, 0.1, 0.1, 0.1, 0.1, 0.1, 0.1, 0.1, 0.1]",10000.0,48000.0,24,0
uniform,"[0.1, 0.1, 0.1, 0.1, 0.1, 0.1, 0.1, 0.1, 0.1, 0.1]",mnist,100.0,"[0.1, 0.1, 0.1, 0.1, 0.1, 0.1, 0.1, 0.1, 0.1, 0.1]",8.0,1.0,1249.1676496006548,3.0,53.0,0.957099974155426,seq-pure,43170.0,10.0,"[[1, 'specific'], [1, 'specific'], [1, 'specific'], [1, 'specific'], [1, 'specific'], [1, 'specific'], [1, 'specific'], [1, 'specific'], [1, 'specific'], [1, 'specific']]",scenario_2_repeat_25_2020-09-10_00h54_e04,"10 [0.1, 0.1, 0.1, 0.1, 0.1, 0.1, 0.1, 0.1, 0.1, 0.1]",10000.0,48000.0,24,1
uniform,"[0.1, 0.1, 0.1, 0.1, 0.1, 0.1, 0.1, 0.1, 0.1, 0.1]",mnist,100.0,"[0.1, 0.1, 0.1, 0.1, 0.1, 0.1, 0.1, 0.1, 0.1, 0.1]",8.0,1.0,7710.8169261440635,10.0,37.0,0.10279999673366547,seq-pure,43170.0,10.0,"[[1, 'specific'], [1, 'specific'], [1, 'specific'], [1, 'specific'], [1, 'specific'], [1, 'specific'], [1, 'specific'], [1, 'specific'], [1, 'specific'], [1, 'specific']]",scenario_3_repeat_25_2020-09-10_01h15_fb8,"10 [0.1, 0.1, 0.1, 0.1, 0.1, 0.1, 0.1, 0.1, 0.1, 0.1]",10000.0,48000.0,24,2
uniform,"[0.1, 0.1, 0.1, 0.1, 0.1, 0.1, 0.1, 0.1, 0.1, 0.1]",mnist,100.0,"[0.1, 0.1, 0.1, 0.1, 0.1, 0.1, 0.1, 0.1, 0.1, 0.1]",8.0,1.0,341.6209385059774,1.0,72.0,0.9872000217437744,seq-pure,43170.0,10.0,"[[1, 'specific'], [1, 'specific'], [1, 'specific'], [1, 'specific'], [1, 'specific'], [1, 'specific'], [1, 'specific'], [1, 'specific'], [1, 'specific'], [1, 'specific']]",scenario_1_repeat_26_2020-09-10_03h23_788,"10 [0.1, 0.1, 0.1, 0.1, 0.1, 0.1, 0.1, 0.1, 0.1, 0.1]",10000.0,48000.0,25,0
uniform,"[0.1, 0.1, 0.1, 0.1, 0.1, 0.1, 0.1, 0.1, 0.1, 0.1]",mnist,100.0,"[0.1, 0.1, 0.1, 0.1, 0.1, 0.1, 0.1, 0.1, 0.1, 0.1]",8.0,1.0,1001.6391549780965,3.0,43.0,0.9871000051498413,seq-pure,43170.0,10.0,"[[1, 'specific'], [1, 'specific'], [1, 'specific'], [1, 'specific'], [1, 'specific'], [1, 'specific'], [1, 'specific'], [1, 'specific'], [1, 'specific'], [1, 'specific']]",scenario_2_repeat_26_2020-09-10_03h29_695,"10 [0.1, 0.1, 0.1, 0.1, 0.1, 0.1, 0.1, 0.1, 0.1, 0.1]",10000.0,48000.0,25,1
uniform,"[0.1, 0.1, 0.1, 0.1, 0.1, 0.1, 0.1, 0.1, 0.1, 0.1]",mnist,100.0,"[0.1, 0.1, 0.1, 0.1, 0.1, 0.1, 0.1, 0.1, 0.1, 0.1]",8.0,1.0,7214.103217121214,10.0,35.0,0.09799999743700027,seq-pure,43170.0,10.0,"[[1, 'specific'], [1, 'specific'], [1, 'specific'], [1, 'specific'], [1, 'specific'], [1, 'specific'], [1, 'specific'], [1, 'specific'], [1, 'specific'], [1, 'specific']]",scenario_3_repeat_26_2020-09-10_03h46_aa8,"10 [0.1, 0.1, 0.1, 0.1, 0.1, 0.1, 0.1, 0.1, 0.1, 0.1]",10000.0,48000.0,25,2
uniform,"[0.1, 0.1, 0.1, 0.1, 0.1, 0.1, 0.1, 0.1, 0.1, 0.1]",mnist,100.0,"[0.1, 0.1, 0.1, 0.1, 0.1, 0.1, 0.1, 0.1, 0.1, 0.1]",8.0,1.0,159.39108661189675,1.0,33.0,0.10279999673366547,seq-pure,43170.0,10.0,"[[1, 'specific'], [1, 'specific'], [1, 'specific'], [1, 'specific'], [1, 'specific'], [1, 'specific'], [1, 'specific'], [1, 'specific'], [1, 'specific'], [1, 'specific']]",scenario_1_repeat_27_2020-09-10_05h46_c79,"10 [0.1, 0.1, 0.1, 0.1, 0.1, 0.1, 0.1, 0.1, 0.1, 0.1]",10000.0,48000.0,26,0
uniform,"[0.1, 0.1, 0.1, 0.1, 0.1, 0.1, 0.1, 0.1, 0.1, 0.1]",mnist,100.0,"[0.1, 0.1, 0.1, 0.1, 0.1, 0.1, 0.1, 0.1, 0.1, 0.1]",8.0,1.0,1724.2476835213602,3.0,73.0,0.9840999841690063,seq-pure,43170.0,10.0,"[[1, 'specific'], [1, 'specific'], [1, 'specific'], [1, 'specific'], [1, 'specific'], [1, 'specific'], [1, 'specific'], [1, 'specific'], [1, 'specific'], [1, 'specific']]",scenario_2_repeat_27_2020-09-10_05h49_30e,"10 [0.1, 0.1, 0.1, 0.1, 0.1, 0.1, 0.1, 0.1, 0.1, 0.1]",10000.0,48000.0,26,1
uniform,"[0.1, 0.1, 0.1, 0.1, 0.1, 0.1, 0.1, 0.1, 0.1, 0.1]",mnist,100.0,"[0.1, 0.1, 0.1, 0.1, 0.1, 0.1, 0.1, 0.1, 0.1, 0.1]",8.0,1.0,7043.744445148855,10.0,34.0,0.9815999865531921,seq-pure,43170.0,10.0,"[[1, 'specific'], [1, 'specific'], [1, 'specific'], [1, 'specific'], [1, 'specific'], [1, 'specific'], [1, 'specific'], [1, 'specific'], [1, 'specific'], [1, 'specific']]",scenario_3_repeat_27_2020-09-10_06h17_f21,"10 [0.1, 0.1, 0.1, 0.1, 0.1, 0.1, 0.1, 0.1, 0.1, 0.1]",10000.0,48000.0,26,2
uniform,"[0.1, 0.1, 0.1, 0.1, 0.1, 0.1, 0.1, 0.1, 0.1, 0.1]",mnist,100.0,"[0.1, 0.1, 0.1, 0.1, 0.1, 0.1, 0.1, 0.1, 0.1, 0.1]",8.0,1.0,379.53384352102876,1.0,79.0,0.9866999983787537,seq-pure,43170.0,10.0,"[[1, 'specific'], [1, 'specific'], [1, 'specific'], [1, 'specific'], [1, 'specific'], [1, 'specific'], [1, 'specific'], [1, 'specific'], [1, 'specific'], [1, 'specific']]",scenario_1_repeat_28_2020-09-10_08h15_793,"10 [0.1, 0.1, 0.1, 0.1, 0.1, 0.1, 0.1, 0.1, 0.1, 0.1]",10000.0,48000.0,27,0
uniform,"[0.1, 0.1, 0.1, 0.1, 0.1, 0.1, 0.1, 0.1, 0.1, 0.1]",mnist,100.0,"[0.1, 0.1, 0.1, 0.1, 0.1, 0.1, 0.1, 0.1, 0.1, 0.1]",8.0,1.0,907.1960482038558,3.0,39.0,0.10100000351667404,seq-pure,43170.0,10.0,"[[1, 'specific'], [1, 'specific'], [1, 'specific'], [1, 'specific'], [1, 'specific'], [1, 'specific'], [1, 'specific'], [1, 'specific'], [1, 'specific'], [1, 'specific']]",scenario_2_repeat_28_2020-09-10_08h21_f61,"10 [0.1, 0.1, 0.1, 0.1, 0.1, 0.1, 0.1, 0.1, 0.1, 0.1]",10000.0,48000.0,27,1
uniform,"[0.1, 0.1, 0.1, 0.1, 0.1, 0.1, 0.1, 0.1, 0.1, 0.1]",mnist,100.0,"[0.1, 0.1, 0.1, 0.1, 0.1, 0.1, 0.1, 0.1, 0.1, 0.1]",8.0,1.0,6875.572923731059,10.0,33.0,0.9865000247955322,seq-pure,43170.0,10.0,"[[1, 'specific'], [1, 'specific'], [1, 'specific'], [1, 'specific'], [1, 'specific'], [1, 'specific'], [1, 'specific'], [1, 'specific'], [1, 'specific'], [1, 'specific']]",scenario_3_repeat_28_2020-09-10_08h36_a0c,"10 [0.1, 0.1, 0.1, 0.1, 0.1, 0.1, 0.1, 0.1, 0.1, 0.1]",10000.0,48000.0,27,2
uniform,"[0.1, 0.1, 0.1, 0.1, 0.1, 0.1, 0.1, 0.1, 0.1, 0.1]",mnist,100.0,"[0.1, 0.1, 0.1, 0.1, 0.1, 0.1, 0.1, 0.1, 0.1, 0.1]",8.0,1.0,298.4952641688287,1.0,62.0,0.9778000116348267,seq-pure,43170.0,10.0,"[[1, 'specific'], [1, 'specific'], [1, 'specific'], [1, 'specific'], [1, 'specific'], [1, 'specific'], [1, 'specific'], [1, 'specific'], [1, 'specific'], [1, 'specific']]",scenario_1_repeat_29_2020-09-10_10h31_b89,"10 [0.1, 0.1, 0.1, 0.1, 0.1, 0.1, 0.1, 0.1, 0.1, 0.1]",10000.0,48000.0,28,0
uniform,"[0.1, 0.1, 0.1, 0.1, 0.1, 0.1, 0.1, 0.1, 0.1, 0.1]",mnist,100.0,"[0.1, 0.1, 0.1, 0.1, 0.1, 0.1, 0.1, 0.1, 0.1, 0.1]",8.0,1.0,829.7063504569232,3.0,36.0,0.09799999743700027,seq-pure,43170.0,10.0,"[[1, 'specific'], [1, 'specific'], [1, 'specific'], [1, 'specific'], [1, 'specific'], [1, 'specific'], [1, 'specific'], [1, 'specific'], [1, 'specific'], [1, 'specific']]",scenario_2_repeat_29_2020-09-10_10h36_d83,"10 [0.1, 0.1, 0.1, 0.1, 0.1, 0.1, 0.1, 0.1, 0.1, 0.1]",10000.0,48000.0,28,1
uniform,"[0.1, 0.1, 0.1, 0.1, 0.1, 0.1, 0.1, 0.1, 0.1, 0.1]",mnist,100.0,"[0.1, 0.1, 0.1, 0.1, 0.1, 0.1, 0.1, 0.1, 0.1, 0.1]",8.0,1.0,6498.750934135169,10.0,32.0,0.09740000218153,seq-pure,43170.0,10.0,"[[1, 'specific'], [1, 'specific'], [1, 'specific'], [1, 'specific'], [1, 'specific'], [1, 'specific'], [1, 'specific'], [1, 'specific'], [1, 'specific'], [1, 'specific']]",scenario_3_repeat_29_2020-09-10_10h50_117,"10 [0.1, 0.1, 0.1, 0.1, 0.1, 0.1, 0.1, 0.1, 0.1, 0.1]",10000.0,48000.0,28,2
uniform,"[0.1, 0.1, 0.1, 0.1, 0.1, 0.1, 0.1, 0.1, 0.1, 0.1]",mnist,100.0,"[0.1, 0.1, 0.1, 0.1, 0.1, 0.1, 0.1, 0.1, 0.1, 0.1]",8.0,1.0,343.18356816098094,1.0,73.0,0.9857000112533569,seq-pure,43170.0,10.0,"[[1, 'specific'], [1, 'specific'], [1, 'specific'], [1, 'specific'], [1, 'specific'], [1, 'specific'], [1, 'specific'], [1, 'specific'], [1, 'specific'], [1, 'specific']]",scenario_1_repeat_30_2020-09-10_12h38_dac,"10 [0.1, 0.1, 0.1, 0.1, 0.1, 0.1, 0.1, 0.1, 0.1, 0.1]",10000.0,48000.0,29,0
uniform,"[0.1, 0.1, 0.1, 0.1, 0.1, 0.1, 0.1, 0.1, 0.1, 0.1]",mnist,100.0,"[0.1, 0.1, 0.1, 0.1, 0.1, 0.1, 0.1, 0.1, 0.1, 0.1]",8.0,1.0,724.3794867619872,3.0,31.0,0.09799999743700027,seq-pure,43170.0,10.0,"[[1, 'specific'], [1, 'specific'], [1, 'specific'], [1, 'specific'], [1, 'specific'], [1, 'specific'], [1, 'specific'], [1, 'specific'], [1, 'specific'], [1, 'specific']]",scenario_2_repeat_30_2020-09-10_12h44_a3d,"10 [0.1, 0.1, 0.1, 0.1, 0.1, 0.1, 0.1, 0.1, 0.1, 0.1]",10000.0,48000.0,29,1
uniform,"[0.1, 0.1, 0.1, 0.1, 0.1, 0.1, 0.1, 0.1, 0.1, 0.1]",mnist,100.0,"[0.1, 0.1, 0.1, 0.1, 0.1, 0.1, 0.1, 0.1, 0.1, 0.1]",8.0,1.0,6917.861690998077,10.0,33.0,0.9872000217437744,seq-pure,43170.0,10.0,"[[1, 'specific'], [1, 'specific'], [1, 'specific'], [1, 'specific'], [1, 'specific'], [1, 'specific'], [1, 'specific'], [1, 'specific'], [1, 'specific'], [1, 'specific']]",scenario_3_repeat_30_2020-09-10_12h56_624,"10 [0.1, 0.1, 0.1, 0.1, 0.1, 0.1, 0.1, 0.1, 0.1, 0.1]",10000.0,48000.0,29,2
uniform,"[0.1, 0.1, 0.1, 0.1, 0.1, 0.1, 0.1, 0.1, 0.1, 0.1]",mnist,100.0,"[0.1, 0.1, 0.1, 0.1, 0.1, 0.1, 0.1, 0.1, 0.1, 0.1]",8.0,1.0,335.5308992937207,1.0,71.0,0.9869999885559082,seq-pure,43170.0,10.0,"[[1, 'specific'], [1, 'specific'], [1, 'specific'], [1, 'specific'], [1, 'specific'], [1, 'specific'], [1, 'specific'], [1, 'specific'], [1, 'specific'], [1, 'specific']]",scenario_1_repeat_31_2020-09-10_14h51_83d,"10 [0.1, 0.1, 0.1, 0.1, 0.1, 0.1, 0.1, 0.1, 0.1, 0.1]",10000.0,48000.0,30,0
uniform,"[0.1, 0.1, 0.1, 0.1, 0.1, 0.1, 0.1, 0.1, 0.1, 0.1]",mnist,100.0,"[0.1, 0.1, 0.1, 0.1, 0.1, 0.1, 0.1, 0.1, 0.1, 0.1]",8.0,1.0,971.0810004509985,3.0,42.0,0.10320000350475311,seq-pure,43170.0,10.0,"[[1, 'specific'], [1, 'specific'], [1, 'specific'], [1, 'specific'], [1, 'specific'], [1, 'specific'], [1, 'specific'], [1, 'specific'], [1, 'specific'], [1, 'specific']]",scenario_2_repeat_31_2020-09-10_14h57_3f8,"10 [0.1, 0.1, 0.1, 0.1, 0.1, 0.1, 0.1, 0.1, 0.1, 0.1]",10000.0,48000.0,30,1
uniform,"[0.1, 0.1, 0.1, 0.1, 0.1, 0.1, 0.1, 0.1, 0.1, 0.1]",mnist,100.0,"[0.1, 0.1, 0.1, 0.1, 0.1, 0.1, 0.1, 0.1, 0.1, 0.1]",8.0,1.0,6564.881724409759,10.0,32.0,0.9869999885559082,seq-pure,43170.0,10.0,"[[1, 'specific'], [1, 'specific'], [1, 'specific'], [1, 'specific'], [1, 'specific'], [1, 'specific'], [1, 'specific'], [1, 'specific'], [1, 'specific'], [1, 'specific']]",scenario_3_repeat_31_2020-09-10_15h13_232,"10 [0.1, 0.1, 0.1, 0.1, 0.1, 0.1, 0.1, 0.1, 0.1, 0.1]",10000.0,48000.0,30,2
uniform,"[0.1, 0.1, 0.1, 0.1, 0.1, 0.1, 0.1, 0.1, 0.1, 0.1]",mnist,100.0,"[0.1, 0.1, 0.1, 0.1, 0.1, 0.1, 0.1, 0.1, 0.1, 0.1]",8.0,1.0,149.49302687123418,1.0,31.0,0.10320000350475311,seq-pure,43170.0,10.0,"[[1, 'specific'], [1, 'specific'], [1, 'specific'], [1, 'specific'], [1, 'specific'], [1, 'specific'], [1, 'specific'], [1, 'specific'], [1, 'specific'], [1, 'specific']]",scenario_1_repeat_32_2020-09-10_17h02_be7,"10 [0.1, 0.1, 0.1, 0.1, 0.1, 0.1, 0.1, 0.1, 0.1, 0.1]",10000.0,48000.0,31,0
uniform,"[0.1, 0.1, 0.1, 0.1, 0.1, 0.1, 0.1, 0.1, 0.1, 0.1]",mnist,100.0,"[0.1, 0.1, 0.1, 0.1, 0.1, 0.1, 0.1, 0.1, 0.1, 0.1]",8.0,1.0,1206.300620149821,3.0,51.0,0.9666000008583069,seq-pure,43170.0,10.0,"[[1, 'specific'], [1, 'specific'], [1, 'specific'], [1, 'specific'], [1, 'specific'], [1, 'specific'], [1, 'specific'], [1, 'specific'], [1, 'specific'], [1, 'specific']]",scenario_2_repeat_32_2020-09-10_17h05_c5b,"10 [0.1, 0.1, 0.1, 0.1, 0.1, 0.1, 0.1, 0.1, 0.1, 0.1]",10000.0,48000.0,31,1
uniform,"[0.1, 0.1, 0.1, 0.1, 0.1, 0.1, 0.1, 0.1, 0.1, 0.1]",mnist,100.0,"[0.1, 0.1, 0.1, 0.1, 0.1, 0.1, 0.1, 0.1, 0.1, 0.1]",8.0,1.0,7039.705066308379,10.0,34.0,0.98580002784729,seq-pure,43170.0,10.0,"[[1, 'specific'], [1, 'specific'], [1, 'specific'], [1, 'specific'], [1, 'specific'], [1, 'specific'], [1, 'specific'], [1, 'specific'], [1, 'specific'], [1, 'specific']]",scenario_3_repeat_32_2020-09-10_17h25_e58,"10 [0.1, 0.1, 0.1, 0.1, 0.1, 0.1, 0.1, 0.1, 0.1, 0.1]",10000.0,48000.0,31,2
uniform,"[0.1, 0.1, 0.1, 0.1, 0.1, 0.1, 0.1, 0.1, 0.1, 0.1]",mnist,100.0,"[0.1, 0.1, 0.1, 0.1, 0.1, 0.1, 0.1, 0.1, 0.1, 0.1]",8.0,1.0,351.6405821070075,1.0,73.0,0.9861999750137329,seq-pure,43170.0,10.0,"[[1, 'specific'], [1, 'specific'], [1, 'specific'], [1, 'specific'], [1, 'specific'], [1, 'specific'], [1, 'specific'], [1, 'specific'], [1, 'specific'], [1, 'specific']]",scenario_1_repeat_33_2020-09-10_19h22_8aa,"10 [0.1, 0.1, 0.1, 0.1, 0.1, 0.1, 0.1, 0.1, 0.1, 0.1]",10000.0,48000.0,32,0
uniform,"[0.1, 0.1, 0.1, 0.1, 0.1, 0.1, 0.1, 0.1, 0.1, 0.1]",mnist,100.0,"[0.1, 0.1, 0.1, 0.1, 0.1, 0.1, 0.1, 0.1, 0.1, 0.1]",8.0,1.0,820.0867767520249,3.0,35.0,0.09740000218153,seq-pure,43170.0,10.0,"[[1, 'specific'], [1, 'specific'], [1, 'specific'], [1, 'specific'], [1, 'specific'], [1, 'specific'], [1, 'specific'], [1, 'specific'], [1, 'specific'], [1, 'specific']]",scenario_2_repeat_33_2020-09-10_19h28_347,"10 [0.1, 0.1, 0.1, 0.1, 0.1, 0.1, 0.1, 0.1, 0.1, 0.1]",10000.0,48000.0,32,1
uniform,"[0.1, 0.1, 0.1, 0.1, 0.1, 0.1, 0.1, 0.1, 0.1, 0.1]",mnist,100.0,"[0.1, 0.1, 0.1, 0.1, 0.1, 0.1, 0.1, 0.1, 0.1, 0.1]",8.0,1.0,7637.421430978924,10.0,37.0,0.10090000182390213,seq-pure,43170.0,10.0,"[[1, 'specific'], [1, 'specific'], [1, 'specific'], [1, 'specific'], [1, 'specific'], [1, 'specific'], [1, 'specific'], [1, 'specific'], [1, 'specific'], [1, 'specific']]",scenario_3_repeat_33_2020-09-10_19h42_5c4,"10 [0.1, 0.1, 0.1, 0.1, 0.1, 0.1, 0.1, 0.1, 0.1, 0.1]",10000.0,48000.0,32,2
uniform,"[0.1, 0.1, 0.1, 0.1, 0.1, 0.1, 0.1, 0.1, 0.1, 0.1]",mnist,100.0,"[0.1, 0.1, 0.1, 0.1, 0.1, 0.1, 0.1, 0.1, 0.1, 0.1]",8.0,1.0,341.61863251775503,1.0,71.0,0.988099992275238,seq-pure,43170.0,10.0,"[[1, 'specific'], [1, 'specific'], [1, 'specific'], [1, 'specific'], [1, 'specific'], [1, 'specific'], [1, 'specific'], [1, 'specific'], [1, 'specific'], [1, 'specific']]",scenario_1_repeat_34_2020-09-10_21h49_e95,"10 [0.1, 0.1, 0.1, 0.1, 0.1, 0.1, 0.1, 0.1, 0.1, 0.1]",10000.0,48000.0,33,0
uniform,"[0.1, 0.1, 0.1, 0.1, 0.1, 0.1, 0.1, 0.1, 0.1, 0.1]",mnist,100.0,"[0.1, 0.1, 0.1, 0.1, 0.1, 0.1, 0.1, 0.1, 0.1, 0.1]",8.0,1.0,1243.9826715029776,3.0,53.0,0.9854999780654907,seq-pure,43170.0,10.0,"[[1, 'specific'], [1, 'specific'], [1, 'specific'], [1, 'specific'], [1, 'specific'], [1, 'specific'], [1, 'specific'], [1, 'specific'], [1, 'specific'], [1, 'specific']]",scenario_2_repeat_34_2020-09-10_21h55_21b,"10 [0.1, 0.1, 0.1, 0.1, 0.1, 0.1, 0.1, 0.1, 0.1, 0.1]",10000.0,48000.0,33,1
uniform,"[0.1, 0.1, 0.1, 0.1, 0.1, 0.1, 0.1, 0.1, 0.1, 0.1]",mnist,100.0,"[0.1, 0.1, 0.1, 0.1, 0.1, 0.1, 0.1, 0.1, 0.1, 0.1]",8.0,1.0,6464.431498017162,10.0,31.0,0.0957999974489212,seq-pure,43170.0,10.0,"[[1, 'specific'], [1, 'specific'], [1, 'specific'], [1, 'specific'], [1, 'specific'], [1, 'specific'], [1, 'specific'], [1, 'specific'], [1, 'specific'], [1, 'specific']]",scenario_3_repeat_34_2020-09-10_22h16_f5a,"10 [0.1, 0.1, 0.1, 0.1, 0.1, 0.1, 0.1, 0.1, 0.1, 0.1]",10000.0,48000.0,33,2
uniform,"[0.1, 0.1, 0.1, 0.1, 0.1, 0.1, 0.1, 0.1, 0.1, 0.1]",mnist,100.0,"[0.1, 0.1, 0.1, 0.1, 0.1, 0.1, 0.1, 0.1, 0.1, 0.1]",8.0,1.0,339.4811016693711,1.0,72.0,0.9872999787330627,seq-pure,43170.0,10.0,"[[1, 'specific'], [1, 'specific'], [1, 'specific'], [1, 'specific'], [1, 'specific'], [1, 'specific'], [1, 'specific'], [1, 'specific'], [1, 'specific'], [1, 'specific']]",scenario_1_repeat_35_2020-09-11_00h03_87a,"10 [0.1, 0.1, 0.1, 0.1, 0.1, 0.1, 0.1, 0.1, 0.1, 0.1]",10000.0,48000.0,34,0
uniform,"[0.1, 0.1, 0.1, 0.1, 0.1, 0.1, 0.1, 0.1, 0.1, 0.1]",mnist,100.0,"[0.1, 0.1, 0.1, 0.1, 0.1, 0.1, 0.1, 0.1, 0.1, 0.1]",8.0,1.0,774.2820289507508,3.0,33.0,0.08919999748468399,seq-pure,43170.0,10.0,"[[1, 'specific'], [1, 'specific'], [1, 'specific'], [1, 'specific'], [1, 'specific'], [1, 'specific'], [1, 'specific'], [1, 'specific'], [1, 'specific'], [1, 'specific']]",scenario_2_repeat_35_2020-09-11_00h09_1d6,"10 [0.1, 0.1, 0.1, 0.1, 0.1, 0.1, 0.1, 0.1, 0.1, 0.1]",10000.0,48000.0,34,1
uniform,"[0.1, 0.1, 0.1, 0.1, 0.1, 0.1, 0.1, 0.1, 0.1, 0.1]",mnist,100.0,"[0.1, 0.1, 0.1, 0.1, 0.1, 0.1, 0.1, 0.1, 0.1, 0.1]",8.0,1.0,8740.241445798427,10.0,42.0,0.9842000007629395,seq-pure,43170.0,10.0,"[[1, 'specific'], [1, 'specific'], [1, 'specific'], [1, 'specific'], [1, 'specific'], [1, 'specific'], [1, 'specific'], [1, 'specific'], [1, 'specific'], [1, 'specific']]",scenario_3_repeat_35_2020-09-11_00h22_da6,"10 [0.1, 0.1, 0.1, 0.1, 0.1, 0.1, 0.1, 0.1, 0.1, 0.1]",10000.0,48000.0,34,2
uniform,"[0.1, 0.1, 0.1, 0.1, 0.1, 0.1, 0.1, 0.1, 0.1, 0.1]",mnist,100.0,"[0.1, 0.1, 0.1, 0.1, 0.1, 0.1, 0.1, 0.1, 0.1, 0.1]",8.0,1.0,150.13328364491463,1.0,31.0,0.09740000218153,seq-pure,43170.0,10.0,"[[1, 'specific'], [1, 'specific'], [1, 'specific'], [1, 'specific'], [1, 'specific'], [1, 'specific'], [1, 'specific'], [1, 'specific'], [1, 'specific'], [1, 'specific']]",scenario_1_repeat_36_2020-09-11_02h48_289,"10 [0.1, 0.1, 0.1, 0.1, 0.1, 0.1, 0.1, 0.1, 0.1, 0.1]",10000.0,48000.0,35,0
uniform,"[0.1, 0.1, 0.1, 0.1, 0.1, 0.1, 0.1, 0.1, 0.1, 0.1]",mnist,100.0,"[0.1, 0.1, 0.1, 0.1, 0.1, 0.1, 0.1, 0.1, 0.1, 0.1]",8.0,1.0,1121.180275913328,3.0,48.0,0.9879000186920166,seq-pure,43170.0,10.0,"[[1, 'specific'], [1, 'specific'], [1, 'specific'], [1, 'specific'], [1, 'specific'], [1, 'specific'], [1, 'specific'], [1, 'specific'], [1, 'specific'], [1, 'specific']]",scenario_2_repeat_36_2020-09-11_02h50_8b2,"10 [0.1, 0.1, 0.1, 0.1, 0.1, 0.1, 0.1, 0.1, 0.1, 0.1]",10000.0,48000.0,35,1
uniform,"[0.1, 0.1, 0.1, 0.1, 0.1, 0.1, 0.1, 0.1, 0.1, 0.1]",mnist,100.0,"[0.1, 0.1, 0.1, 0.1, 0.1, 0.1, 0.1, 0.1, 0.1, 0.1]",8.0,1.0,9185.828293148428,10.0,44.0,0.9866999983787537,seq-pure,43170.0,10.0,"[[1, 'specific'], [1, 'specific'], [1, 'specific'], [1, 'specific'], [1, 'specific'], [1, 'specific'], [1, 'specific'], [1, 'specific'], [1, 'specific'], [1, 'specific']]",scenario_3_repeat_36_2020-09-11_03h09_1a0,"10 [0.1, 0.1, 0.1, 0.1, 0.1, 0.1, 0.1, 0.1, 0.1, 0.1]",10000.0,48000.0,35,2
uniform,"[0.1, 0.1, 0.1, 0.1, 0.1, 0.1, 0.1, 0.1, 0.1, 0.1]",mnist,100.0,"[0.1, 0.1, 0.1, 0.1, 0.1, 0.1, 0.1, 0.1, 0.1, 0.1]",8.0,1.0,464.02473301813006,1.0,100.0,0.9860000014305115,seq-pure,43170.0,10.0,"[[1, 'specific'], [1, 'specific'], [1, 'specific'], [1, 'specific'], [1, 'specific'], [1, 'specific'], [1, 'specific'], [1, 'specific'], [1, 'specific'], [1, 'specific']]",scenario_1_repeat_37_2020-09-11_05h42_1fa,"10 [0.1, 0.1, 0.1, 0.1, 0.1, 0.1, 0.1, 0.1, 0.1, 0.1]",10000.0,48000.0,36,0
uniform,"[0.1, 0.1, 0.1, 0.1, 0.1, 0.1, 0.1, 0.1, 0.1, 0.1]",mnist,100.0,"[0.1, 0.1, 0.1, 0.1, 0.1, 0.1, 0.1, 0.1, 0.1, 0.1]",8.0,1.0,1037.627362664789,3.0,44.0,0.9858999848365784,seq-pure,43170.0,10.0,"[[1, 'specific'], [1, 'specific'], [1, 'specific'], [1, 'specific'], [1, 'specific'], [1, 'specific'], [1, 'specific'], [1, 'specific'], [1, 'specific'], [1, 'specific']]",scenario_2_repeat_37_2020-09-11_05h50_a7b,"10 [0.1, 0.1, 0.1, 0.1, 0.1, 0.1, 0.1, 0.1, 0.1, 0.1]",10000.0,48000.0,36,1
uniform,"[0.1, 0.1, 0.1, 0.1, 0.1, 0.1, 0.1, 0.1, 0.1, 0.1]",mnist,100.0,"[0.1, 0.1, 0.1, 0.1, 0.1, 0.1, 0.1, 0.1, 0.1, 0.1]",8.0,1.0,6582.355119921267,10.0,32.0,0.9886999726295471,seq-pure,43170.0,10.0,"[[1, 'specific'], [1, 'specific'], [1, 'specific'], [1, 'specific'], [1, 'specific'], [1, 'specific'], [1, 'specific'], [1, 'specific'], [1, 'specific'], [1, 'specific']]",scenario_3_repeat_37_2020-09-11_06h07_891,"10 [0.1, 0.1, 0.1, 0.1, 0.1, 0.1, 0.1, 0.1, 0.1, 0.1]",10000.0,48000.0,36,2
uniform,"[0.1, 0.1, 0.1, 0.1, 0.1, 0.1, 0.1, 0.1, 0.1, 0.1]",mnist,100.0,"[0.1, 0.1, 0.1, 0.1, 0.1, 0.1, 0.1, 0.1, 0.1, 0.1]",8.0,1.0,152.35538920015097,1.0,32.0,0.10100000351667404,seq-pure,43170.0,10.0,"[[1, 'specific'], [1, 'specific'], [1, 'specific'], [1, 'specific'], [1, 'specific'], [1, 'specific'], [1, 'specific'], [1, 'specific'], [1, 'specific'], [1, 'specific']]",scenario_1_repeat_38_2020-09-11_07h57_939,"10 [0.1, 0.1, 0.1, 0.1, 0.1, 0.1, 0.1, 0.1, 0.1, 0.1]",10000.0,48000.0,37,0
uniform,"[0.1, 0.1, 0.1, 0.1, 0.1, 0.1, 0.1, 0.1, 0.1, 0.1]",mnist,100.0,"[0.1, 0.1, 0.1, 0.1, 0.1, 0.1, 0.1, 0.1, 0.1, 0.1]",8.0,1.0,796.1672954782844,3.0,34.0,0.09740000218153,seq-pure,43170.0,10.0,"[[1, 'specific'], [1, 'specific'], [1, 'specific'], [1, 'specific'], [1, 'specific'], [1, 'specific'], [1, 'specific'], [1, 'specific'], [1, 'specific'], [1, 'specific']]",scenario_2_repeat_38_2020-09-11_07h59_ebc,"10 [0.1, 0.1, 0.1, 0.1, 0.1, 0.1, 0.1, 0.1, 0.1, 0.1]",10000.0,48000.0,37,1
uniform,"[0.1, 0.1, 0.1, 0.1, 0.1, 0.1, 0.1, 0.1, 0.1, 0.1]",mnist,100.0,"[0.1, 0.1, 0.1, 0.1, 0.1, 0.1, 0.1, 0.1, 0.1, 0.1]",8.0,1.0,6639.127480331808,10.0,32.0,0.9833999872207642,seq-pure,43170.0,10.0,"[[1, 'specific'], [1, 'specific'], [1, 'specific'], [1, 'specific'], [1, 'specific'], [1, 'specific'], [1, 'specific'], [1, 'specific'], [1, 'specific'], [1, 'specific']]",scenario_3_repeat_38_2020-09-11_08h13_bba,"10 [0.1, 0.1, 0.1, 0.1, 0.1, 0.1, 0.1, 0.1, 0.1, 0.1]",10000.0,48000.0,37,2
uniform,"[0.1, 0.1, 0.1, 0.1, 0.1, 0.1, 0.1, 0.1, 0.1, 0.1]",mnist,100.0,"[0.1, 0.1, 0.1, 0.1, 0.1, 0.1, 0.1, 0.1, 0.1, 0.1]",8.0,1.0,172.5773538760841,1.0,36.0,0.29010000824928284,seq-pure,43170.0,10.0,"[[1, 'specific'], [1, 'specific'], [1, 'specific'], [1, 'specific'], [1, 'specific'], [1, 'specific'], [1, 'specific'], [1, 'specific'], [1, 'specific'], [1, 'specific']]",scenario_1_repeat_39_2020-09-11_10h03_b73,"10 [0.1, 0.1, 0.1, 0.1, 0.1, 0.1, 0.1, 0.1, 0.1, 0.1]",10000.0,48000.0,38,0
uniform,"[0.1, 0.1, 0.1, 0.1, 0.1, 0.1, 0.1, 0.1, 0.1, 0.1]",mnist,100.0,"[0.1, 0.1, 0.1, 0.1, 0.1, 0.1, 0.1, 0.1, 0.1, 0.1]",8.0,1.0,724.0524434484541,3.0,31.0,0.10279999673366547,seq-pure,43170.0,10.0,"[[1, 'specific'], [1, 'specific'], [1, 'specific'], [1, 'specific'], [1, 'specific'], [1, 'specific'], [1, 'specific'], [1, 'specific'], [1, 'specific'], [1, 'specific']]",scenario_2_repeat_39_2020-09-11_10h06_381,"10 [0.1, 0.1, 0.1, 0.1, 0.1, 0.1, 0.1, 0.1, 0.1, 0.1]",10000.0,48000.0,38,1
uniform,"[0.1, 0.1, 0.1, 0.1, 0.1, 0.1, 0.1, 0.1, 0.1, 0.1]",mnist,100.0,"[0.1, 0.1, 0.1, 0.1, 0.1, 0.1, 0.1, 0.1, 0.1, 0.1]",8.0,1.0,6590.448766831309,10.0,32.0,0.10320000350475311,seq-pure,43170.0,10.0,"[[1, 'specific'], [1, 'specific'], [1, 'specific'], [1, 'specific'], [1, 'specific'], [1, 'specific'], [1, 'specific'], [1, 'specific'], [1, 'specific'], [1, 'specific']]",scenario_3_repeat_39_2020-09-11_10h18_105,"10 [0.1, 0.1, 0.1, 0.1, 0.1, 0.1, 0.1, 0.1, 0.1, 0.1]",10000.0,48000.0,38,2
uniform,"[0.1, 0.1, 0.1, 0.1, 0.1, 0.1, 0.1, 0.1, 0.1, 0.1]",mnist,100.0,"[0.1, 0.1, 0.1, 0.1, 0.1, 0.1, 0.1, 0.1, 0.1, 0.1]",8.0,1.0,155.48582496121526,1.0,32.0,0.10100000351667404,seq-pure,43170.0,10.0,"[[1, 'specific'], [1, 'specific'], [1, 'specific'], [1, 'specific'], [1, 'specific'], [1, 'specific'], [1, 'specific'], [1, 'specific'], [1, 'specific'], [1, 'specific']]",scenario_1_repeat_40_2020-09-11_12h08_158,"10 [0.1, 0.1, 0.1, 0.1, 0.1, 0.1, 0.1, 0.1, 0.1, 0.1]",10000.0,48000.0,39,0
uniform,"[0.1, 0.1, 0.1, 0.1, 0.1, 0.1, 0.1, 0.1, 0.1, 0.1]",mnist,100.0,"[0.1, 0.1, 0.1, 0.1, 0.1, 0.1, 0.1, 0.1, 0.1, 0.1]",8.0,1.0,1745.3994595520198,3.0,74.0,0.9858999848365784,seq-pure,43170.0,10.0,"[[1, 'specific'], [1, 'specific'], [1, 'specific'], [1, 'specific'], [1, 'specific'], [1, 'specific'], [1, 'specific'], [1, 'specific'], [1, 'specific'], [1, 'specific']]",scenario_2_repeat_40_2020-09-11_12h11_c1c,"10 [0.1, 0.1, 0.1, 0.1, 0.1, 0.1, 0.1, 0.1, 0.1, 0.1]",10000.0,48000.0,39,1
uniform,"[0.1, 0.1, 0.1, 0.1, 0.1, 0.1, 0.1, 0.1, 0.1, 0.1]",mnist,100.0,"[0.1, 0.1, 0.1, 0.1, 0.1, 0.1, 0.1, 0.1, 0.1, 0.1]",8.0,1.0,6695.503064587712,10.0,32.0,0.9879000186920166,seq-pure,43170.0,10.0,"[[1, 'specific'], [1, 'specific'], [1, 'specific'], [1, 'specific'], [1, 'specific'], [1, 'specific'], [1, 'specific'], [1, 'specific'], [1, 'specific'], [1, 'specific']]",scenario_3_repeat_40_2020-09-11_12h40_347,"10 [0.1, 0.1, 0.1, 0.1, 0.1, 0.1, 0.1, 0.1, 0.1, 0.1]",10000.0,48000.0,39,2
